Year,PE Ratio,PEG Ratio,Return on Equity,Return on Invested Capital,Net Profit Margin,FCF Yield,Debt / Equity Ratio,Current Ratio,Forward PE Ratio,PS Ratio,PB Ratio,P/FCF Ratio,P/OCF Ratio,EV/EBITDA,Price to Fair Value,Return on Assets,Return on Capital Employed,Gross Profit Margin,Operating Profit Margin,EBITDA Margin,EBIT Margin,Pretax Profit Margin,FCF Margin,Bottom Line Profit Margin,Continuous Operations Margin,Free Cash Flow Per Share,Revenue Per Share,Net Income Per Share,Operating Cash Flow Per Share,Book Value Per Share,Tangible Book Value Per Share,Cash Per Share,Shareholders' Equity Per Share,Interest Debt Per Share,CapEx Per Share,Dividend Yield,Dividend Per Share,Payout Ratio,Dividend Yield %,Quick Ratio,Cash Ratio,Debt to Assets Ratio,Debt to Capital Ratio,LT Debt to Capital Ratio,Debt to Market Cap,Financial Leverage Ratio,Solvency Ratio,Interest Coverage,OCF Ratio,OCF/S Ratio,FCF/OCF Ratio,Debt Service Coverage,OCF Coverage Ratio,CapEx Coverage Ratio,Dividend & CapEx Coverage,ST OCF Coverage,Asset Turnover,Inventory Turnover,Receivables Turnover,Payables Turnover,Fixed Asset Turnover,Working Capital Turnover,Effective Tax Rate,Net Income / EBT,EBT / EBIT
2025,0,0,0.1112,0.0634,0.08905080193266544,0,0.16784637567177874,1.1527996681874741,17.37,0,0,0,0,0.4841447601084522,0,0.0642,0.0901,0.21683209583056762,0.10477763541779225,0.20951822293573732,0.1292693845417638,0.12740772757444313,0.07,0.08905080193266544,0.09189114092094905,0,0,0,0,0,0,0,0,0,0,0,0,0.5973859381500486,0,0.7891607908198535,0.1476703995575833,0.09696868457392312,0.14372299231157754,0.1166139353669792,0,1.730933820637968,0.3007172861576933,56.281923714759536,0.7185123738421125,0.16044827958815086,0.45433904175485856,5.693504394383271,1.193697314927533,1.8326398194513012,1.1399679747307465,5.590576592082616,0.7214241168871665,9.64458976503688,7.2686369552533545,4.164633645811102,1.0819445975421966,19.789521918435923,0.27876320635843754,0.6989434913249976,1.2159820849784901
2024,13.727311757719715,-1.1622457288202679,0.1277,0.0733,0.09927869664285904,0.0664,0.15816916630325553,1.3084045685351386,14.82,1.3628296197166077,1.7532313001270357,15.051955332725615,8.402745447275635,6.561319038070685,1.7532313001270357,0.0743,0.1035,0.22621275943486605,0.11688238952739449,0.21609918437009024,0.14699908915922616,0.1440631752086238,0.09,0.09927869664285904,0.10335537233932798,7.14657980456026,78.93136342484877,7.83620288506282,12.801768264308981,62.960912052117266,62.960912052117266,5.3580735225686364,61.3552815262913,9.936249418334109,5.655188459748721,0.03612957904671293,3.8864588180549093,0.49596199524940615,3.6129579046712927,0.9738148406275335,0.32754917718008164,0.09197860962566845,0.13656827595239265,0.11063407856085312,0.08167006556662076,1.719629889459813,0.3123656825377729,39.81124497991968,0.7825963275349539,0.1621886118373928,0.5582494275017266,9.9984876491346,1.3191560776792137,2.263720891960833,1.341672762740795,11.10433905146317,0.7481051877170737,11.159029076687638,7.766465969185687,7.262553603541292,1.1526546116785246,12.807573240712776,0.2825691076872711,0.6891330591533157,1.232548169070917
2023,11.246345115801166,-0.3412506550011979,0.1758,0.0999,0.10758984992396108,0.0826,0.20299118172674094,1.4791015983832445,12.03,1.20999258320212,1.9774264295270554,12.107051946786248,7.31421711824306,5.587695227336987,1.9774264295270554,0.0957,0.143,0.25139753269374987,0.1328395533870934,0.22191116143855488,0.1602404562933041,0.1577038336166742,0.1,0.10758984992396108,0.11160542221770736,8.257997111058827,82.62860565261754,8.889999281591283,13.669268820395105,52.47049895336984,52.47049895336984,7.786217365790265,50.56066739429208,10.47296721809679,5.411271709336277,0.03689309904920594,3.68857204293961,0.4149125242988059,3.6893099049205937,1.0945097678976055,0.4828679037295609,0.11047335092488514,0.16873871131405377,0.14110053806506268,0.09317723663889875,1.8374674075448483,0.345899046886353,52.36866902237927,0.8477095964235409,0.16543022494973064,0.604128664053893,11.914152662482284,1.3318499987972963,2.5260732697659565,1.5021432447097125,13.537652811735942,0.889401754371979,9.974323248407643,8.804340391950547,8.01801657653045,1.557164790174002,11.179111207601997,0.29231002406077716,0.6822272322528087,1.1871752772092397
2022,8.320981341944742,0.05698867780569525,0.2858,0.1577,0.13981313099642567,0.1259,0.21119308481458504,1.414019842131943,11.91,1.163382454380134,2.3779229834554396,7.943337900325398,6.039448155526908,4.633588716359135,2.3779229834554396,0.151,0.2134,0.25852386028720137,0.16060199410547438,0.2573299053113438,0.19703016241299304,0.1950285320122907,0.15,0.13981313099642567,0.14442089421207752,13.885850178359096,94.80975029726515,13.25564803804994,18.263258026159335,48.15053507728894,48.15053507728894,7.048751486325803,46.38501783590963,9.985969084423306,4.377407847800238,0.032209205679462456,3.5526753864447085,0.26801219949766775,3.220920567946245,1.0601202114562966,0.4292852487508147,0.11161388040653865,0.17436780928031426,0.16038982562018692,0.08170129459920679,1.8921758122317982,0.4788887955148445,80.23558897243107,1.1122746035194437,0.19263058882548442,0.7603161581832624,57.552374301675975,1.864321608040201,4.172162764165806,2.303034846758232,121.13091482649843,1.080223915982735,12.097728667894414,9.549330522886775,8.912177032771563,1.947682371563129,25.640737048589894,0.259488379869587,0.716885522102041,1.2143593427875305
2021,11.35361328125,-0.056021118164062515,0.1367,0.0633,0.08326948375811372,0.1378,0.28298047776387053,1.0443302791165723,3.81,0.945409516718951,1.5517374849475312,7.255630599395334,5.435127469924577,5.730265401227552,1.5517374849475312,0.068,0.0851,0.23450623798302805,0.0868077139924537,0.19078253075621993,0.11630621774391743,0.11288363957035259,0.13,0.08326948375811372,0.08528616656788053,8.43345029239766,64.72327485380117,5.389473684210526,11.258245614035088,41.09543859649123,41.09543859649123,1.5911111111111111,39.43321637426901,11.380350877192983,2.824795321637427,0.057051710280222,3.4909941520467838,0.6477430555555556,5.7051710280222,0.7127800434299031,0.12008544745158271,0.14075173416970815,0.2205649132378711,0.1977986418771979,0.17524554426869046,2.010493720970239,0.2673793187944131,25.36325237592397,0.8496901647158519,0.17394431353273676,0.7490909846454321,8.644840130193375,1.0089091061546203,3.9855084465054653,1.7825555555555554,11.255612722170252,0.8163860227839361,11.278274760383386,8.544359694901646,7.955752544792097,1.2777162067309469,-61.7685009487666,0.24447717231222385,0.737657680732535,1.3003871934718347
2020,-7.845393048128342,0.030616167992695967,-0.1428,-0.0799,-0.1256621904644573,-0.0148,0.43041679923639836,0.7964977023934141,6.43,0.9858692754824331,1.1202712058542794,-67.34912777352716,12.002360239978184,13.089401662655874,1.1202712058542794,-0.0674,-0.1065,0.04551054464815707,-0.164906425347475,0.10238892559947137,-0.15525776428819424,-0.16174247090841892,-0.01,-0.1256621904644573,-0.13020372506635905,-0.6120346523062514,41.81081713884336,-5.254038866775931,3.4343245141653007,38.428939358464056,38.428939358464056,1.0217747600093654,36.79466167173964,16.10817138843362,4.046359166471552,0.08443594234430984,3.4804495434324516,-0.6624331550802139,8.443594234430984,0.46205844259531964,0.0774266806238135,0.20327573253193087,0.3009030650829663,0.2245326964451375,0.37466496851871356,2.117403754374801,0.13977582730399715,-25.430051813471504,0.26024164788957294,0.08213961718951247,-0.17821107172075265,1.1064026646928202,0.21685393258426966,0.8487443582918643,0.4562789684885059,0.7169811320754716,0.5366611570247933,9.042281167108753,8.676643506146446,9.740385164866563,0.7847578366358606,-14.057070885976305,0.1949935948481806,0.7769276044732195,0.9808136375984787
2019,20.77828451882845,-0.6553151271322817,0.0748,0.0295,0.056107018072407006,0.018,0.24482128880772241,0.7821969400990795,0,1.1658075850115226,1.5547122358465952,55.64156862745098,10.026941714901064,8.569641961688898,1.5547122358465952,0.0395,0.0428,0.21894257442787665,0.04994854900365048,0.15605106755926645,0.08171905017156852,0.07847157283543897,0.02,0.056107018072407006,0.05780509658310608,1.2540983606557377,59.85550351288056,3.358313817330211,6.959250585480094,46.58969555035129,46.58969555035129,0.7234192037470726,44.88290398126464,11.182669789227166,5.705152224824356,0.049174286801677805,3.431381733021077,1.0217573221757321,4.91742868016778,0.49264717373298533,0.048273922080357565,0.1293998571416752,0.19667183635830154,0.114052199961169,0.15186571647392305,1.891974954343856,0.203704043162918,15.380722891566265,0.4643923174295582,0.11626751388003115,0.18020594965675057,1.616311659192825,0.6333333333333333,1.2198185624563853,0.7616948196754928,1.4440664787637283,0.7048679387860352,10.774233592400691,9.477972261366165,8.083947517615615,1.0101376186674467,-22.12648255562289,0.26336258476266455,0.7149980055843638,1.571048096506345
2018,13.863773032629558,2.213423073830166,0.1087,0.05,0.0746065613678347,0.0569,0.19706560163508766,0.8395988659036018,20.96,1.034328433548609,1.5064132871726956,17.57427189781022,8.022464319431332,6.413978876030438,1.5064132871726956,0.0602,0.0765,0.24248206435352915,0.07920324202024831,0.18065957355405038,0.11355304798590925,0.11081079145962511,0.06,0.0746065613678347,0.0766865235633583,3.8801038470616,65.92683502478168,4.9185744630634884,8.499881991975455,46.85579419400519,46.85579419400519,0.7179608213358508,45.26646211942412,9.101250885060184,4.619778144913854,0.04775699435932372,3.2565494453622845,0.6620921305182341,4.775699435932372,0.5078056634813959,0.05323952535965557,0.10917514933736958,0.16462389476893594,0.0911486099066953,0.1263078703547471,1.8050408250518786,0.2680675569520817,28.882506527415142,0.6302985753789072,0.1289290163676199,0.4564891431110124,2.270972037283622,0.9528521536670547,1.8398896495350976,1.0791681649286828,2.086800324487194,0.8068608533894095,11.161462179554805,11.30853001902757,10.046004842615012,1.1304365421426865,-28.212503787496214,0.30795076406164185,0.6732788421154654,1.3990688844693546
2017,18.06046879756469,0.12346793214335132,0.105,0.0447,0.08310774913350367,0.0412,0.22556583265845445,0.8158764778175901,12.81,1.500964910061477,1.8966148075529603,24.275220949263502,11.839680702454599,10.088103553921568,1.8966148075529603,0.0565,0.0475,0.2376519003887638,0.05826818798964421,0.16515293343790322,0.08127355984516912,0.0787394270582977,0.06,0.08310774913350367,0.0836896298732512,3.4454887218045114,55.724154135338345,4.631109022556391,7.0643796992481205,45.70018796992481,45.70018796992481,0.7464755639097744,44.099624060150376,10.08858082706767,3.618890977443609,0.03652255189623988,3.054746240601504,0.6596144089294774,3.6522551896239888,0.5217496667878347,0.05499298956223711,0.12141408869170699,0.1840503599624387,0.10950006405177282,0.11520293290615348,1.8578225565832658,0.256843784656692,22.99334442595674,0.5204341278496132,0.12677410377716497,0.4877270005986829,2.1770007015271706,0.7101757369614512,1.9520841449162447,1.058550153152836,1.6768544339096487,0.6801494733159158,10.64030131826742,9.265226393718013,8.331413298926316,0.9387721173257333,-28.13476481404591,-0.06286815893756025,1.0554782049908964,1.3513278819017296
2016,48.010638298362245,-0.9382789718207849,0.0469,0.0093,0.039077297286520325,0.0157,0.25556252801434337,0.8693899827868509,16.44,1.8761259857007,2.2495347632401614,63.59239808399392,17.045711632060502,13.521262748426945,2.2495347632401614,0.0237,0.0098,0.217821041928345,0.013811631477161712,0.15316904918555735,0.04197818848814722,0.03972027832605619,0.03,0.039077297286520325,0.04174392407839384,1.4193520408018434,48.10977550971317,1.8799999999808163,5.295173469333723,41.683724489370576,41.683724489370576,0.8769336734604395,40.1238520404069,10.362780612139156,3.8758214285318795,0.03308418536891314,2.9861785713981,1.5883928571428572,3.308418536891314,0.5528359712834292,0.07676644695411226,0.12945863632785773,0.20354424595524712,0.14206386644242996,0.11035234944740585,1.9740863588824145,0.1926586743692646,6.116997792494481,0.46353751207019606,0.11006439779093646,0.26804637261117653,2.179934187495624,0.5163930592582199,1.3662067685454433,0.7716662007268661,1.5966738973246566,0.607385699667589,10.40629973474801,9.377769468075162,8.815628335486771,0.8214917452830188,-22.831066856330015,-0.05094742125737232,0.9838122725561551,2.875857091302779
2015,20.246753247693498,-0.4108899923796622,0.0945,0.0322,0.06733262734830354,0.0118,0.2264900972419809,0.7896657773825404,23.4,1.363267091440001,1.9143091776890835,84.84303709139854,10.775938075080742,8.976244636088035,1.9143091776890835,0.048,0.0456,0.23437591201314134,0.05371184137016685,0.1681231082241697,0.09287733371134106,0.0915807115995564,0.02,0.06733262734830354,0.06900447772394873,0.9187554179139897,57.178817334805935,3.8499999998212076,7.233708977992243,42.14975232002401,42.14975232002401,0.8832352940766299,40.719650152907754,9.296736841673527,6.314953560078253,0.036974165782891234,2.8821362227763716,0.7486068111455109,3.6974165782891233,0.4886986808952127,0.06864161849710983,0.11488071552865856,0.18466524740092985,0.09861317797549314,0.11452816661732784,1.9715240821726938,0.21380698727086303,41.42443729903537,0.562175781828961,0.12651029376203857,0.12701028209860268,1.8303360771771615,0.7843461627937033,1.1454888637221594,0.786521513737688,1.6173115872508261,0.7122444010238806,11.304278239458295,12.068125786163522,10.160340821068939,0.9532958407026887,-20.78817819379442,0.24651734498770828,0.735227169261586,1.7050376465109058
2014,12.16447368301353,4.075098683809551,0.1865,0.0734,0.08251608073990434,0.0307,0.16697916845853475,0.8186220661272106,15.03,1.003764692585986,2.268296745804735,32.52126637385729,8.76825703013565,6.069577740765464,2.268296745804735,0.093,0.1196,0.20460283427005493,0.08647949150607072,0.17562071021682038,0.13173139138046966,0.1310056964514533,0.03,0.08251608073990434,0.08529452810799153,2.8427552278320056,92.10325954165837,7.600000000747848,10.543714638183884,42.31507995496335,42.31507995496335,1.078769987806029,40.75745387854932,6.872484625522508,7.700959410351878,0.02924249469932256,2.7034686349523707,0.35571955719557197,2.924249469932256,0.5605805084090171,0.07141862516052172,0.0833235572672414,0.1430866745283019,0.06073988700808393,0.07266638594629377,2.003985114593547,0.2957744806416947,119.16783216783217,0.6980335122924821,0.11447710635490542,0.2696161007181488,2.883744508279824,1.5492599842038393,1.3691429958727848,1.0133872416891285,2.58277994046256,1.1276477640467764,18.7954191150018,14.070655860616231,12.396978565213953,1.559774090901895,-32.65296822569286,0.34892504357931436,0.6298663567693201,1.5148758875652837
2013,13.731343280577041,-0.5716481966592161,0.1872,0.0803,0.0774173312169111,0.0251,0.1304517738199916,0.8268919747922592,9.87,1.0630439508055394,2.571031327512744,39.78365176355714,9.960528211274882,6.213748152001282,2.571031327512744,0.0939,0.1465,0.21002005531846135,0.09576414565293843,0.17798382267676718,0.1371555665389843,0.13713418053588572,0.03,0.0774173312169111,0.07947989240464219,2.543758441317894,95.1983216905698,7.370000001612895,10.160103746852103,40.830207191255965,40.830207191255965,1.0505303869702358,39.36163628854047,5.13683118590011,7.616345305534209,0.02430889183012573,2.460059853208724,0.3337937384898711,2.4308891830125727,0.6019324075623222,0.06474820143884892,0.06545120066434454,0.11539791156165163,0.03609592342080335,0.049900846088802464,1.9931150612345765,0.2992069170780396,4477.888888888889,0.6262060119346383,0.10672566035225123,0.2503673687491651,3.201555288613517,1.9786774747786247,1.3339867533933292,1.0083063936781609,2.8412196356275303,1.2134552836151415,20.60440037186241,12.6941361003861,10.752005174644243,1.7272152678021753,-69.58842496899545,0.42042244979293375,0.5645370899828456,1.431999205975038
2012,8.924986631016044,0.5924223409406719,0.2706,0.1105,0.0994000119598945,0.0547,0.06982268498700735,1.005004755297089,6.47,0.8871437778648931,2.414965362980291,18.290944791999635,7.131091329891401,4.240026964114556,2.414965362980291,0.1345,0.185,0.22403983087823276,0.11047620313216348,0.21027487824162974,0.17508621090609489,0.17436197285103952,0.05,0.0994000119598945,0.1056036535262863,4.731849611063094,97.56028522039757,9.697493517718236,12.136992221261885,37.09161624891962,37.09161624891962,2.070440795159896,35.839023336214346,2.5730337078651684,7.40514261019879,0.025195142520323136,2.1806395851339673,0.2248663101604278,2.5195142520323137,0.7782784265423534,0.14939428428881024,0.034694947497715664,0.06526566127905142,0.043245269958467926,0.027836488218549636,2.012474150353002,0.37479877879544826,152.54128440366972,0.8757542213006128,0.12440505061914602,0.3898700373865053,16.054271356783918,4.8501856489076935,1.638995068716991,1.2661452110993396,15.37640295647413,1.3526535747989035,24.09249071654518,12.905050447309,10.368847849891976,1.9894734059193915,-213.93461265103056,0.394342402764017,0.5700785001143206,1.57827629758826
2011,10.0545670217623,0.2864862932228164,0.2659,0.1193,0.08791745266353909,0.059,0.11032021554962564,0.9413973292045674,6.19,0.8839719201881682,2.673906849358533,16.940522031742304,7.459400522424068,4.683169507487737,2.673906849358533,0.124,0.2134,0.23797451550117873,0.11584719578441596,0.1907526085103923,0.15738637215247875,0.15685749707191632,0.05,0.08791745266353909,0.0903712617417762,5.00338772566636,95.88539869225418,8.43000000065083,11.36284340077984,33.0022386776575,33.0022386776575,2.6000370191973237,31.698935219203253,3.547744764034251,6.359455675113479,0.02184863045466403,1.851889917337323,0.2196785192401364,2.1848630454664026,0.7475517708534933,0.1633959099412941,0.05145113154428912,0.09935891826937099,0.05543931774523119,0.040628279225729466,2.14417471955232,0.33259154003335134,219.04453441295547,0.7140829623895233,0.11850441835517708,0.4403288463275815,7.292787132445338,3.2492808078435975,1.7867635189669089,1.3837979747468434,7.177408896381793,1.4107421190628662,23.68796592119276,12.08604627089695,10.47684653654803,2.175627958111281,-114.03467220119643,0.4238639310919093,0.5604925126609062,1.3540034008576076
2010,11.726565988181221,0.20795110352374702,0.2074,0.0982,0.08229652144545761,0.0603,0.1022480403707462,0.9417399773282455,4.82,0.9650555893279298,2.4325363152840866,16.581153096277042,7.378001776382377,5.3602665568272085,2.4325363152840866,0.1007,0.1673,0.2514474839581223,0.10840121580547113,0.18366227625802095,0.1437838568051334,0.14308409321175278,0.06,0.08229652144545761,0.0848308004052685,4.409825997952917,75.76765609007165,6.235414534288639,9.910542476970317,31.254657113613103,31.254657113613103,1.6018423746161718,30.05916069600819,3.1265097236438075,5.500716479017401,0.023791179625925835,1.739611054247697,0.27898883782009193,2.3791179625925833,0.7345648460076957,0.12493414014976131,0.049631417143234935,0.092763186348106,0.07686746382004954,0.04054411194900658,2.0601475084956995,0.30180670221783207,154.91119691119692,0.7729631344498906,0.1308017561634583,0.4449631297378803,18.46340493237868,3.22452377780738,1.8016821108257974,1.3687975345641663,21.469179600886918,1.2235132722885194,21.351572133168926,11.464657415437987,9.001234567901234,1.8548168861627277,-1558.421052631579,0.40712626748994507,0.5751619177099265,1.319949155077015
2009,17.089941908713694,-0.3132561377004306,0.1744,0.0867,0.06353746832189242,0.018,0.08686883303638453,1.0609669426249977,6.72,1.085851642647878,2.9799860720455102,55.40509164284513,11.586401294043181,6.951570212946107,2.9799860720455102,0.0826,0.1555,0.30211275264217663,0.09287411474313133,0.15568657045969095,0.11641395583355028,0.11460801534390314,0.02,0.06353746832189242,0.06478317179832786,1.2307533112582782,62.79863410596027,3.9900662251655628,5.885347682119205,23.880794701986755,18.159561258278146,2.247930463576159,22.88265728476821,2.1012003311258276,4.654594370860927,0.024349451134296558,1.6603890728476822,0.4161307053941909,2.434945113429656,0.8390541864351434,0.2053936728068996,0.041166108784817614,0.07992577429394045,0.060570273071759925,0.029150751357960664,2.1102026788702077,0.26453604226200067,51.42700729927007,0.546243829354027,0.09371776577479131,0.20912159786201562,10.622685185185185,2.9607496095783445,1.264416877862256,0.9319656551091302,11.485460420032311,1.3005275947934838,18.330217259586256,10.97641526496654,8.737786763492325,2.1812228643721787,23.040470766894458,0.43474135204301695,0.5543893952899905,1.2340146192605208
2008,9.089886554621849,0.47113778198603407,0.4003,0.2262,0.09698077112795371,0.0983,0.08343292170141194,1.4718126272912424,9.78,0.8815442075328452,3.6386904793520114,10.172610438785359,6.882288321473419,4.033558357266535,3.6386904793520114,0.1983,0.4079,0.38371743895272775,0.15653537160234882,0.20684870399203908,0.18030016427967865,0.17885681932237849,0.09,0.09698077112795371,0.100512998683189,7.847543212274228,90.55700135948727,8.782287822878228,11.599339677607302,22.824431928529812,18.026995533113226,6.216158477374248,21.939211497378132,1.9611575063119053,3.7517964653330744,0.019603708764791915,1.5649640706933385,0.17819548872180452,1.9603708764791916,1.2346232179226069,0.6402647657841141,0.041328293547085754,0.07700792548410818,0.058546545545462125,0.02292938137356215,2.0187845792944716,0.521121153724362,108.45319465081724,1.2163951120162932,0.12808882254792206,0.6765508580996232,19.49853563293199,6.336870026525199,3.091676156952065,2.1816554646405613,24.885416666666668,2.0446126322066895,24.67448050832904,18.876123390818556,13.561066540821143,3.84254940418308,18.351260404982586,0.4380253486336439,0.5422257395349953,1.1425968296592637
2007,12.72961956411401,1.2504979218864938,0.3335,0.197,0.10264096387978294,0.0708,0.07856309850363824,1.4741905611194952,5.76,1.3065804218836043,4.245576210136742,14.118526573772224,9.940960934169263,5.854519256126544,4.245576210136742,0.1678,0.3427,0.4151840890077366,0.1591756371145277,0.21263436715691356,0.1816727368311972,0.18066174482056155,0.09,0.10264096387978294,0.10518108130650497,6.6359615863914945,71.70626348811638,7.360000000637951,9.424642207170026,22.843729132736023,22.843729132736023,6.252647131790429,22.06767594379902,1.80619945841807,2.788680620778531,0.014742242390917584,1.3812006896050684,0.18766313715833538,1.4742242390917584,1.2840238715873233,0.5827445465770339,0.039515536058029925,0.07284052144249513,0.055705921129163595,0.018504696327452774,1.988157224749922,0.45554042641203746,157.445,0.8917889971189463,0.13143401634268584,0.7041075343256029,19.498742364355014,5.436127953167468,3.379606161045038,2.260170375521558,21.822073017205202,1.6343676935914278,20.865993326720172,10.854622770919066,7.913505933855467,3.2733868899386938,14.48979143396019,0.4178010324710754,0.5681388939408777,1.1349836450824098
2006,11.47155688682,0.7182192137835126,0.347,0.3392,0.1045983555549671,0.0746,0.0733196303713854,1.5522666284286213,5.59,1.1999059860166297,3.980240478456396,13.396597002997574,9.193817656725845,3.906346903893367,3.980240478456396,0.1804,0.5845,0.43528804268672133,0.2634501568975333,0.29368040568273596,0.2634501568975333,0.1784845154712884,0.09,0.1045983555549671,0.1045983555549671,5.7201093667931895,63.8633367055625,6.679999999655007,8.33494886032903,19.252605568625942,19.252605568625942,4.776453670639393,19.252605568625942,1.4115939239777304,2.614839493535841,0.016834151280067926,1.290001012591605,0.1931139240506329,1.6834151280067926,1.3327939037630334,0.5785689411475511,0.038111544871355846,0.06831108674124936,0.05342191254604262,0.017935389021121136,1.9238168019394961,0.4841258521835867,0,1.0096073089292665,0.1305122671362559,0.6862800795357709,48.767332549941244,5.904636396310051,3.1875565903505367,2.1345171069727154,28.957696827262044,1.7242426317832111,19.90433078215419,13.047992536797734,8.501634508052943,3.3217078469833843,13.98777664598574,0.4139639773300495,0.5860360226699505,0.6774887423608877
2005,9.751736110420149,0.206104260495907,0.325,0.2254,0.09746951548505449,0.0973,0.07187055924307018,1.5838210205800418,0,0.9504969938207618,3.1688362354026585,10.272317725574506,7.319170419823839,4.67244612101268,3.1688362354026585,0.1734,0.3748,0.4253749865112766,0.16382594151289523,0.191485917772742,0.16382594151289523,0.16033236214524657,0.09,0.09746951548505449,0.09746951548505449,5.468094105009641,59.095399948831556,5.760000000408127,7.67436700857034,17.72575034722884,17.72575034722884,4.570854138159462,17.72575034722884,1.2739595904583818,2.206272903560699,0.021224406693438475,1.1921749239704391,0.2069748131746471,2.1224406693438476,1.382533958148876,0.6191504524154016,0.03835649314805482,0.06705152839893604,0.052978553055210126,0.022680427104475376,1.873752091090605,0.4774418676466047,0,1.0395404582460535,0.12986403366785368,0.7125140221862146,26.921513269339357,6.0240270304092105,3.478430522436592,2.2581976826007413,27.181253529079616,1.779249766001872,22.85183993133784,13.48711977878038,6.794538900762385,3.4639753294084663,16.685647408341023,0.3920783416341365,0.6079216583658635,0.978675053929883
2004,13.109974425432293,0.6339748826626959,0.2489,0.1684,0.08499001795091181,0.086,0.08149887967294311,1.404736976803704,0,1.1142169617534854,3.2634503340952867,11.62526351115701,8.189086636487385,6.139362332535958,3.2634503340952867,0.1297,0.2801,0.451249014377506,0.1431207744056906,0.17589209321052895,0.1431207744056906,0.13837636519200766,0.1,0.08499001795091181,0.08499001795091181,4.409362415811453,46.00540268147615,3.909999999737584,6.259550335150366,16.31734228078407,16.31734228078407,2.860489932693927,15.707302012368638,1.280127516692609,1.8501879193389135,0.02141379517881249,1.097671140865928,0.28073430714567704,2.1413795178812487,1.184011539982783,0.4311439938577511,0.04247244642930307,0.07535734082090705,0.04695183058753009,0.024973225062282653,1.9188647352490271,0.391935051592442,0,0.9434633908005863,0.13606120086567014,0.7044215925624522,11.13140243902439,4.8897865669842036,3.383197063240447,2.123422527098497,12.363109756097561,1.526380751423772,17.239063982291558,11.752632201585236,6.1458419450603134,2.74335183497639,23.87144573488186,0.38580538784219587,0.6141946121578041,0.9668503106318134
2003,12.654320987866107,0.13797291915802395,0.2392,0.2644,0.0871774919145004,0.0575,0.10615581382416726,1.1973115198249362,0,1.1031719656031904,3.0272417777790133,17.404849699405332,9.551352531721523,4.122207186501239,3.0272417777790133,0.1234,0.4174,0.4734171469331842,0.22988757305319812,0.2665539965469445,0.22988757305319812,0.129554426152437,0.06,0.0871774919145004,0.08494840681208407,2.355665271927102,37.16555648473363,3.2399999999457743,4.292585773986735,14.053104602275262,14.053104602275262,1.600569037630116,13.543682008141529,1.437740585749996,1.9369205020596332,0.02551484845349684,1.0461087865933705,0.3228730822873082,2.551484845349684,0.9639712395144063,0.27681967383942063,0.05476881763619045,0.09596822843354112,0.05023713703245978,0.03506684355487795,1.9382527943057333,0.3773354243588002,0,0.7424060855520241,0.11549903136120095,0.5487753526563267,11.435163917310502,2.9856469355683606,2.2161909946341085,1.439002221773379,5.950720400918772,1.4157725014058,14.50574969297756,10.150067876095273,4.567692037264897,2.350669270709284,38.88699763593381,0.34430332227992244,0.6729024588625414,0.5635555868975001
2002,20.674556213757416,-0.8537825991977598,0.1536,0.2065,0.05603747567308539,0.0415,0.14408086116063648,1.1542125094197437,0,1.1585499408802675,3.1761386410936097,24.10033711826467,11.140230120822832,4.919479800512715,3.1761386410936097,0.0751,0.3396,0.46358053064457766,0.19836581811780585,0.2390003227289175,0.19836581811780585,0.08562095977624129,0.05,0.05603747567308539,0.05384194106774373,1.4497722512570326,30.158389178676707,1.6899999999395374,3.1363804536399726,11.408974694181703,11.408974694181703,1.0660567189845478,11.000779231718122,1.5850017451439922,1.6866082023829398,0.026953061392738804,0.9417399650622937,0.5572425828970332,2.6953061392738804,0.9110173323285606,0.21790504898266766,0.07041220093813055,0.12593590720018746,0.08190567616797124,0.045363530198740475,2.046248508653163,0.26262304228270833,0,0.641085154483798,0.1039969487447801,0.4622437464735753,10.353774737356462,1.9787867510234463,1.8595785608114015,1.1932895696571846,5.1961886147080385,1.3397578679803988,13.597050074367873,9.663374757832065,7.953958816705336,2.154055192753318,38.28624918094168,0.37115933752141633,0.6544831524842947,0.4316316217615303
2001,17.62331838577676,-1.4043581838665855,0.2094,0.2546,0.07199755621871842,0.0478,0.14764697038039393,1.1848641827721325,0,1.2688358562403363,3.6903437305408615,20.929398268999996,11.795589045834243,4.947488547385037,3.6903437305408615,0.107,0.42,0.47752426157858874,0.2231689263810889,0.2605023850365392,0.2231689263810889,0.11264891792184599,0.06,0.07199755621871842,0.07050778955283502,1.8777415143468308,30.973273498472125,2.2299999999839883,3.3317539164251637,10.649414490785155,10.649414490785155,0.952990208870442,10.649414490785155,1.5723537858894936,1.4540124020783327,0.023882433446768776,0.9385796344580128,0.42088772845953004,2.388243344676878,0.9223948993823471,0.21740718602643289,0.07544665930965119,0.12865190619677716,0.08845003737851981,0.0400090021854833,1.9569716105575374,0.3322811477868396,0,0.7600783688649797,0.10756867260380196,0.5635894971383634,12.547664056170673,2.118959451953342,2.291420562618881,1.3925290503133174,6.18120442884148,1.4861986114797379,14.065662955465587,10.884699984653947,4.862872889510979,2.374779580812928,54.73569131832797,0.37409261576971214,0.6391322486441385,0.5047697264514499
2000,17.04705882391422,0.13782728410824263,0.2504,0.2596,0.07643004408098479,0.048,0.18996000395720564,1.0578146683773664,0,1.3029074573629047,4.269173118698645,20.845620202867988,13.169720641747395,5.171177506241261,4.269173118698645,0.1189,0.4661,0.4502859656841179,0.22275130905859925,0.2572612855084841,0.22275130905859925,0.11594334170095667,0.06,0.07643004408098479,0.06817456415034118,2.0853301353931077,33.36384311437102,2.549999999942438,3.3007533859300056,10.6471134309109,10.6471134309109,1.0188487584420125,10.182299661169699,1.9342296839292499,1.2154232505368978,0.021100798090212834,0.9172516929815518,0.35970654627539506,2.110079809021283,0.8403812416537928,0.18538399099264224,0.09020805369127517,0.15963562079859378,0.09328908082063636,0.04449573692038762,2.1057987195613155,0.3428872328796342,0,0.6005865256212196,0.09893204972266073,0.631773989623752,7.8834604771952606,1.7064950524514546,2.715723419370116,1.5477058029689608,3.7229345885408214,1.5560134228187918,15.347904624277456,10.082014263350148,4.763558213418053,2.5809705106368765,-86.12407132243685,0.4120010416279156,0.6592016666046651,0.5205057702734103
1999,35.17252423164602,-2.7103533378503677,0.1246,0.0586,0.04333557955174246,0.015,0.2989317114675574,0.8039914284976635,0,1.5242217218760854,4.383680500934673,66.81428114128722,18.531583738914275,16.488960809794097,4.383680500934673,0.0547,0.0909,0.479189608226638,0.05268751814780117,0.09818165880490223,0.05268751814780117,0.06108618356535126,0.02,0.04313835061825792,0.04333557955174246,0.6028651257180012,26.426601472665958,1.14521209040091,2.173586487128807,9.722575564953567,9.722575564953567,0.25495808991099905,9.188625857065002,2.7467716534874924,1.5707213614108058,0.02189316642739742,0.8818567436955681,0.7700379266750949,2.189316642739742,0.5847468566855136,0.043580409469961015,0.13127503961362016,0.23013658749605764,0.1169087772026493,0.06819194770326446,2.2771405161818925,0.20957255677485231,0,0.3876023029458085,0.08224994384453978,0.27735962166122696,1.3889309366130558,0.7913240565043221,1.38381417642179,0.886245572609209,1.4203405865657521,1.2629929214439424,11.194418276024493,9.529052466718872,7.029207335107956,1.9409100092510874,229.59622641509435,0.2905829596412556,0.7094170403587444,1.159405219923053
1998,22.068054403031955,-0.9434093257296162,0.1845,0.0467,0.048748090589094774,0.0151,0.20064,1.47300638780136,0,1.0757755151640735,4.072627914287543,66.06506164259548,16.11590731277858,10.695959159137692,4.072627914287543,0.0872,0.1216,0.5090353625918479,0.05374123784165625,0.10418591171729247,0.05374123784165625,0.07295308132128216,0.02,0.048385830812609054,0.04917072699499478,0.5533938679689042,33.984785380083686,1.6566933963592632,2.2685660379177626,3.907202830501993,3.907202830501993,0.49983962268159093,8.977004717700986,1.801146226559526,1.7151721699488582,0.0349651387253999,1.2783254718006205,0.7716125836016844,3.4965138725399902,1.0252421182773541,0.12291366165258603,0.09476411529741985,0.16711087420042645,0.16319192073753874,0.09550028901306656,2.117257142857143,0.22325650921345871,0,0.5695446115804657,0.06675240148043496,0.2439399421128799,1.5696605374823196,1.2595124174071541,1.3226462495513818,0.7578312427171157,1.3031588873173032,1.7880492281118427,9.355384261389784,10.463516330785268,7.450022904260193,1.7889569359385633,30.900559701492536,0.3259951998675826,0.6682115368699826,1.357487922705314
1997,12.937590549051311,0.976788086453374,0.2687,0.1279,0.06645067742081653,0.048,0.22794319743472286,1.0782537905769818,0,0.8597116561776134,3.4764959304047185,20.840836512628037,10.342314821577405,6.32196657665357,3.4764959304047185,0.1221,0.2188,0.4099868593955322,0.09467465675834881,0.14127849018985908,0.09467465675834881,0.10952580542842902,0.04,0.06605985771897231,0.06645067742081653,1.4677913711124155,35.58169739841263,2.3644278959070246,2.957751772956997,9.276933214839435,9.276933214839435,0.8156187943006928,8.799089834239744,2.005692671331973,1.4899604018445816,0.04069603935706559,1.2448918439326364,0.5265086941697921,4.069603935706559,0.7990739798514297,0.20591228248702553,0.10359760159893404,0.18563008281727972,0.1390258331690002,0.06556693923935838,2.200274851122309,0.3989367017768273,0,0.7467182252976493,0.08312565136616974,0.4962523848460071,5.974500344589938,1.4746784565916398,1.9851210604625997,1.081503316138541,5.057201929703653,1.8378580946035976,18.984508839074174,16.497103345169126,7.094462984403732,2.658355166079441,181.73134328358208,0.39328747996069713,0.6067125200393029,1.1568650912354173
1996,16.22054315093209,1.0041288617243684,0.1725,0.0807,0.06433760537317525,0.0489,0.22382986541729824,1.0207639066905922,0,1.0435909041832294,2.797673029798815,20.463006729968082,9.255149602150128,8.358437581302399,2.797673029798815,0.0786,0.1323,0.3966828867109862,0.08616612980604482,0.13181927215406758,0.08616612980604482,0.10208347611541362,0.05,0.06410629840312522,0.06433760537317525,1.1972825070775028,23.47663236790572,1.510430308777431,2.64717492997717,9.142226380264567,9.142226380264567,0.5935126286554193,8.757277830197989,1.9601403181551054,1.449892422899667,0.03442068689205559,0.8433068288553619,0.5583222370173102,3.4420686892055588,0.7498077416047167,0.15129453986157396,0.10202351167732683,0.1828929590151629,0.1425026586316909,0.08000572727163696,2.193904735657526,0.25641588943699944,0,0.6748013329915407,0.1127578644369817,0.4522868864914147,4.374900398406375,1.3505027703673302,1.825773338881953,1.1543588844062445,5.243824701195219,1.221937253341987,13.325260170293284,11.118011239165634,4.8534803583735355,1.7524884771870823,-230.46001974333663,0.3697549513259483,0.6302450486740517,1.1847285742692384
1995,15.453105214483768,0.5629345470990518,0.16,0.0762,0.059966818978061595,0.0672,0.24792264318923732,0.9243168232280102,0,0.926673563045888,2.472588553212731,14.88042725669147,7.220451414581498,7.439563270550603,2.472588553212731,0.0709,0.1268,0.42209411175887224,0.08525112843279917,0.13517095641051782,0.08525112843279917,0.09678107013429972,0.06,0.059966818978061595,0.059966818978061595,1.352783737506454,21.722859918259243,1.302650808404042,2.7879143344622515,8.578166977258517,8.578166977258517,0.3036162935198292,8.14126554692826,2.018404073299926,1.4351305969557977,0.040477451600233395,0.8148111007126982,0.6255023183925812,4.047745160023339,0.621103757472246,0.0804867634500427,0.10980765860497722,0.1986682784724837,0.1613224374662961,0.1002684586835532,2.25779008804036,0.2434996919285274,0,0.7390584970111016,0.1283401147433105,0.4852314580775619,4.722741433021807,1.3812468827930175,1.9426206509539843,1.2391051454138702,6.162438807298621,1.1817932877672626,10.97553247667664,12.088851540616247,4.418054276199249,1.6485805091220243,-48.480341496292965,0.3803868990614825,0.6196131009385175,1.1352467927810395
1994,14.80551158672353,-5.181929055353233,0.1363,0.0636,0.05116218412367204,0.0425,0.33914205532540426,0.8444056840917252,0,0.7574823098451089,2.0181239901721235,23.537440490115333,7.6650197028007305,7.223845057041248,2.0181239901721235,0.058,0.1029,0.4058766289136563,0.07056368688743317,0.12087316794237733,0.07056368688743317,0.07828817351002679,0.03,0.050739845309631534,0.05116218412367204,0.6453547915024624,20.05327359144014,1.0259692757676304,1.9817300658013584,7.962929773080415,7.962929773080415,0.23275420628689183,7.526792245656058,2.5526517921991103,1.336375274298896,0.0540206879636521,0.8205742501678753,0.7998039215686275,5.40206879636521,0.560149797363156,0.05935464012722516,0.1444196581002026,0.25325323327478844,0.19095705574536176,0.16804817591830878,2.348309501536817,0.20951138176018558,0,0.5053608987841789,0.09882326976515554,0.325652218048929,2.4222395023328147,0.7763417132949799,1.4829143459280445,0.9187651557545234,2.553395541731467,1.1345405294666637,10.688323407327196,12.347702217267434,4.42267194384288,1.5716673236105636,-29.4745712596097,0.34648898001025114,0.6535110199897488,1.1094682968439011
1993,14.815382033920454,1.4074612932224415,0.1518,0.0688,0.05397393304370048,0.0581,0.36258335249482637,0.7993006993006992,0,0.7996444379156656,2.248367933407105,17.20369851310754,6.800418772415892,7.372597402289136,2.248367933407105,0.0627,0.1114,0.39807820086889856,0.07466394071045233,0.1245898287758753,0.07466394071045233,0.08231024789164323,0.05,0.05320828009200102,0.05397393304370048,0.9172446255075428,19.733770725813805,1.065109219854811,2.320445332573843,7.501556166428193,7.501556166428193,0.19829590210554532,7.0184242381039,2.5447637894826594,1.4032007070663004,0.04958759006194085,0.7824921711774265,0.7346590909090909,4.958759006194085,0.5049488972565895,0.0528778913394298,0.1499197813298473,0.26609994304638557,0.19645249203196452,0.1612651324133498,2.4185157507472983,0.2164487414285106,0,0.6187735341581495,0.11758752875031944,0.3952881856906894,2.291555122900949,0.9118509710661911,1.6536802760207014,1.061652053530226,2.799464589924556,1.162576504842831,10.76078216374269,14.260204081632653,4.857531760435572,1.5787902262677125,-28.070301291248207,0.3442622950819672,0.6557377049180327,1.1024096385542168
1992,15.963212759631025,-1.051694017105102,0.1412,0.0648,0.04623885226832106,0.0313,0.39744197063003317,0.8352743731882215,0,0.7381206365203568,2.2543973491070584,31.913044787694886,7.922643311147643,7.4338132849966465,2.2543973491070584,0.0561,0.1053,0.39620977122915857,0.06673129119813881,0.11562621170996511,0.06673129119813881,0.0706378441256301,0.02,0.04564947654129507,0.04662659945715394,0.4788010702724204,20.701223138852846,0.9572007984909663,1.9286492398944814,7.3748609109730605,7.3748609109730605,0.18020258218970392,6.777864605834565,2.6938078656064426,1.449848169622061,0.05032535178166034,0.7689713752237699,0.8033542976939203,5.032535178166034,0.539948125921782,0.045669531607587854,0.15787369163824533,0.28440677966101696,0.20364039327564662,0.17629632628314415,2.5174680246328753,0.2032767870088444,0,0.48878604485582056,0.09316595579682048,0.24825720528561024,1.9743054104867348,0.7159564958283671,1.330242214532872,0.8692231165777335,2.007729266764153,1.2132188639303776,10.726192526261409,12.768907042950861,4.925820482404112,1.6692826744769333,-29.137127524360967,0.33992040620282693,0.6545903664059284,1.0585415456130156
1991,13.490565342607143,1.0273584376293117,0.1603,0.0746,0.054449813801083165,0.0479,0.3734073925616285,0.8157667593747003,0,0.7345587709763046,2.163001858693847,20.88091926992814,6.904328817272894,6.754026050298566,2.163001858693847,0.064,0.121,0.4044746079127247,0.07847579414081111,0.12538041945802988,0.07847579414081111,0.08282205606386185,0.04,0.05381294544323121,0.054449813801083165,0.7288951124828701,20.7199214023012,1.1281958623283783,2.2044141295709134,7.634259644119923,7.634259644119923,0.3013894660791525,7.036517300632727,2.627487577944055,1.4755190170880434,0.04824800448407803,0.7343346282476677,0.6508928571428572,4.824800448407803,0.5241680253188836,0.07173683705763882,0.14894929191411604,0.2718839250349184,0.1972465466914891,0.17263387502917577,2.5069430526526757,0.2098820118390851,0,0.5246955020619546,0.10639104689490214,0.33065253152988483,2.2369955156950674,0.8389817512651434,1.49399235390497,0.9975385176406236,2.4533632286995517,1.1745888533576976,10.072027627035027,12.042974238875878,4.3503089708075855,1.610406488788676,-21.58157591018781,0.34256867809344915,0.6574313219065508,1.0553834716887622
1990,12.887560637085826,0.2964138946529739,0.1516,0.0755,0.04747960083018224,0.0635,0.41679019815459084,0.7632049947970864,0,0.6118962347236042,1.953310506483134,15.755656122938017,6.064876835600225,5.442136866073068,1.953310506483134,0.0571,0.1351,0.3963362048541021,0.08155877140609748,0.1341085491712393,0.08155877140609748,0.07752158379059695,0.04,0.046814317800585675,0.04747960083018224,0.8212923599646974,21.14737641071618,1.0040689905864164,2.1335965017530913,7.21586906308661,7.21586906308661,0.2669500789343526,6.6246507951764455,2.761089517626558,1.312304141788394,0.052612277161628154,0.6808028664714683,0.6780439121756487,5.261227716162815,0.49739854318418314,0.05544224765868887,0.15707982259112727,0.29417919371370005,0.18867507731579206,0.21337631511797206,2.65336560278324,0.20415070983714362,0,0.4431217481789802,0.10089178252257887,0.3849333082848018,1.80311986863711,0.7727371706467301,1.625839951130116,1.070487682252388,1.748111658456486,1.2030852725552121,9.974632007516442,11.02141215792772,4.080327973864582,1.683240811638591,-19.01757231684239,0.38753056234718825,0.6124694376528117,0.9504996514059958
1989,18.24817518162393,-0.6021897809935897,0.1161,0.0697,0.040504985228951254,0.025,0.5300886126173786,0.7540029112081513,0,0.7391420661869923,2.117811628339505,39.98195685861423,8.092368273847125,6.032553978674996,2.117811628339505,0.0422,0.1301,0.415216488183161,0.09190361890694239,0.14962610782865585,0.09190361890694239,0.05773402880354505,0.02,0.040504985228951254,0.03433114844903988,0.31264102565572244,16.91149857629356,0.6850000000322009,1.5446652422378546,6.461052706856432,6.461052706856432,0.36396723648434604,5.902319088596548,3.128752136899215,1.2320242165821322,0.04949173789406443,0.6186467236758053,0.9031339031339032,4.9491737894064425,0.49827147016011647,0.0848344250363901,0.19264831348610292,0.34644308064655543,0.23469723424175712,0.2503001709519372,2.751587091654543,0.1698595146871009,0,0.36003457059679767,0.0913381646971935,0.20240050536955148,1.6187657244339204,0.4937000998003992,1.2537620782512275,0.8346514815986502,1.1713778303981057,1.04130066451171,9.013696193525435,11.128290740978555,3.7313158088506,1.434108398841539,-21.553538117149607,0.40535678592844293,0.7015790525684589,0.6282019085886489
1988,11.111111110836502,0.7350427350245683,0.1656,0.0842,0.06611611800344407,0,0.3033966065413794,0.8493620916528406,0,0.7346235333534447,1.8397848220795165,0,0,5.022057386480079,1.8397848220795165,0.0708,0.1459,0.4405897658282741,0.10416430986588232,0.16437271390323918,0.10416430986588232,0.10538356147164926,0,0.06611611800344407,0.06611611800344407,0,14.973655893906193,0.9900000000244676,0,5.978960076193396,5.978960076193396,0.4534049429769853,5.978960076193396,1.8139961977634638,0,0.04886363636363637,0.5375000000000001,0.5429292929158747,4.886363636363637,0.5546655987184621,0.13782252989301447,0.12972958421385594,0.2327738195870064,0.12862080315997368,0.16490874525122398,2.338684798690465,0.23632601232187367,0,0,0,0,2.0111133562335826,0,0,0,0,1.0708545892614378,8.640069889341875,13.054972103708566,0,1.4716698422094379,-62.692671394799056,0.3726145038167939,0.6273854961832062,1.0117050802461687
1987,11.081395349340907,-1.4722425249838627,0.1439,0.073,0.06333752093802344,0,0.23449116754892046,1.0062107740585775,0,0.7018681099613955,1.5950143784812347,0,0,5.228501461692075,1.5950143784812347,0.0654,0.1193,0.4185903475711893,0.09170854271356783,0.1476392378559464,0.09170854271356783,0.09870969430485763,0,0.06333752093802344,0.06333752093802344,0,13.578049586159675,0.8599999999609091,0,5.974867768323456,5.974867768323456,0.44972314047542583,5.974867768323456,1.4010537189445802,0,0.049842602308499476,0.475,0.5523255814204545,4.984260230849948,0.6680831589958159,0.16546809623430964,0.10649361173388076,0.18994965189949653,0.1299195280358113,0.14701508068673455,2.201927080235532,0.22550475059382422,0,0,0,0,2.9954608938547485,0,0,0,0,1.032062883228438,8.59029389017788,12.172029308697038,0,1.4301006849571434,127.8928870292887,0.3583454858809492,0.6416545141190507,1.0763413242009132
1986,9.43010752652985,0.636532258040765,0.1674,0.085,0.0766941391941392,0,0.2460952142946395,1.0722733245729303,0,0.72323397925538,1.5789509041047107,0,0,4.45193024149682,1.5789509041047107,0.0771,0.1447,0.43744276556776557,0.11233688186813187,0.17550938644688643,0.11233688186813187,0.12242445054945054,0,0.0766941391941392,0.0766941391941392,0,12.126089552691273,0.9300000000347015,0,5.554320895729639,5.554320895729639,0.6621044776366457,5.554320895729639,1.3668917910957796,0,0.05131128848346637,0.45,0.4838709677238806,5.131128848346637,0.7732588699080157,0.2507227332457293,0.11337861953831098,0.19749310604161444,0.11827246185203548,0.1558599533746613,2.170561039610146,0.26086144321093085,0,0,0,0,2.5306919642857144,0,0,0,0,1.0058142881814518,8.638980443858493,10.30188679245283,0,1.4179228631134735,-220.46687697160883,0.37353903693314633,0.6264609630668536,1.0897974780282766
1985,8.506172839488706,0,0.1674,0.097,0.05618820163141924,0,0.27182430574649435,0.9091623448059092,0,0.47794655461689334,1.423737342875653,0,0,3.2548490469063,1.423737342875653,0.0704,0.2022,0.35697391344478674,0.11679531111188028,0.16610709217403344,0.11679531111188028,0.11027655671316326,0,0.05618820163141924,0.05618820163141924,0,14.415837782370463,0.8100000000016633,0,4.839375770030471,4.839375770030471,0.41148665297825765,4.839375770030471,1.3154599589349394,0,0.06259071117561683,0.43124999999999997,0.5324074074063142,6.2590711175616836,0.6579181727696579,0.1296034365341296,0.11435801041064199,0.21372787461153897,0.14211581554428587,0.19092307096298106,2.3769590321693705,0.22823482428115016,0,0,0,0,3.143088378115895,0,0,0,0,1.2532244071717755,11.62072560467056,11.51494619370267,0,1.7958849612531598,0,0.49047917974471644,0.5095208202552836,0.9441865059764892