Quarter,Total Assets,Total Liabilities,Shareholders Equity,Total Debt,Net Debt,Book Value,Book Value Per Share,Cash & Equivalents,Short-Term Investments,Cash & Short-Term Investments,Long-Term Investments,Total Investments,Total Current Assets,Receivables,Accounts Receivables,Other Receivables,Inventory,Prepaid Expenses,Other Current Assets,Total Long-Term Assets,Property-Plant & Equipment,Goodwill & Intangibles,Goodwill,Intangible Assets,Tax Assets,Other Long-Term Assets,Other Assets,Total Current Liabilities,Short-Term Debt,Total Payables,Account Payables,Other Payables,Accrued Expenses,Deferred Revenue,Tax Payables,Current Capital Lease Obligations,Other Current Liabilities,Total Long-Term Liabilities,Long-Term Debt,Capital Lease Obligations,Non-Current Capital Lease Obligations,Non-Current Deferred Revenue,Non-Current Deferred Tax Liabilities,Other Long-Term Liabilities,Other Liabilities,Total Equity,Retained Earnings,Common Stock,Additional Paid-In Capital,Treasury Stock,Preferred Stock,Comprehensive Income,Other Stockholders Equity,Minority Interest,Total Liabilities & Equity
2025-12-31,448980000000,182354000000,259386000000,70257000000,59576000000,266626000000,61.56222581389979,10681000000,0,10681000000,45317000000,45317000000,83382000000,44562000000,44562000000,0,0,0,28139000000,365598000000,299373000000,20908000000,0,20908000000,0,0,0,72330000000,9296000000,63034000000,60911000000,2123000000,0,0,2123000000,0,0,110024000000,60961000000,0,0,0,40216000000,8847000000,0,266626000000,482494000000,46150000000,0,-258395000000,0,-10863000000,0,7240000000,448980000000
2025-09-30,454340000000,186117000000,260561000000,42036000000,28222000000,268223000000,61.930962826137154,13814000000,0,13814000000,46138000000,46138000000,88505000000,45285000000,45285000000,0,27238000000,0,2168000000,365835000000,298388000000,21309000000,0,21309000000,0,0,0,77850000000,9212000000,68638000000,65382000000,3256000000,0,0,3256000000,0,0,108267000000,32824000000,0,0,0,39942000000,35501000000,0,268223000000,480367000000,46808000000,0,-253832000000,0,-12782000000,0,7662000000,454340000000
2025-06-30,447597000000,177635000000,262593000000,38989000000,24637000000,269962000000,62.33248672362041,14352000000,0,14352000000,46092000000,46092000000,85108000000,41792000000,41792000000,0,25371000000,0,3593000000,362489000000,295356000000,21041000000,0,21041000000,0,0,0,68161000000,5419000000,62742000000,59725000000,3017000000,0,0,3017000000,0,0,109474000000,33570000000,0,0,0,39368000000,36536000000,0,269962000000,477061000000,46629000000,0,-248661000000,0,-12436000000,0,7369000000,447597000000
2025-03-31,451908000000,182102000000,262720000000,37551000000,20515000000,269806000000,60.4675033617212,17036000000,0,17036000000,47853000000,47853000000,91233000000,46303000000,46303000000,0,24478000000,0,3416000000,360675000000,292646000000,20176000000,0,20176000000,0,0,0,73829000000,4728000000,69101000000,63987000000,5114000000,0,0,5114000000,0,0,108273000000,32823000000,0,0,0,39091000000,36359000000,0,269806000000,474290000000,46426000000,0,-243658000000,0,-14338000000,0,7086000000,451908000000
2024-12-31,453475000000,182869000000,263705000000,41710000000,18681000000,270606000000,60.64679515912147,23029000000,0,23029000000,34353000000,34353000000,91990000000,43681000000,35282000000,8399000000,23524000000,0,1756000000,361485000000,294318000000,0,0,0,0,32814000000,0,70307000000,4955000000,65352000000,36145000000,29207000000,0,0,4055000000,0,0,112562000000,32804000000,3951000000,3951000000,0,39042000000,36765000000,0,270606000000,470903000000,46238000000,0,-238817000000,0,-14619000000,0,6901000000,453475000000
2024-09-30,461916000000,185516000000,268592000000,42550000000,15624000000,276400000000,61.94531600179292,26926000000,0,26926000000,48869000000,48869000000,94349000000,41505000000,41505000000,0,23875000000,0,2043000000,367567000000,299543000000,0,0,0,0,19155000000,0,69993000000,5632000000,64361000000,60518000000,3843000000,0,0,3843000000,0,0,115523000000,36918000000,0,0,0,40281000000,38324000000,0,276400000000,467664000000,46936000000,0,-234049000000,0,-11959000000,0,7808000000,461916000000
2024-06-30,460707000000,184441000000,268405000000,43186000000,16726000000,276266000000,63.99490386842715,26460000000,0,26460000000,47948000000,47948000000,96238000000,43071000000,43071000000,0,24503000000,0,2204000000,364469000000,298283000000,0,0,0,0,18238000000,0,70763000000,6621000000,64142000000,60107000000,4035000000,0,0,4035000000,0,0,113678000000,36565000000,0,0,0,40080000000,37033000000,0,276266000000,463294000000,46781000000,0,-228483000000,0,-13187000000,0,7861000000,460707000000
2024-03-31,377918000000,164866000000,205250000000,40440000000,7120000000,213052000000,53.289644822411205,33320000000,0,33320000000,47608000000,47608000000,99377000000,40366000000,40366000000,0,23491000000,0,2200000000,278541000000,213723000000,0,0,0,0,17210000000,0,71921000000,8227000000,63694000000,59531000000,4163000000,0,0,4163000000,0,0,92945000000,32213000000,0,0,0,24106000000,36626000000,0,213052000000,458339000000,17971000000,0,-257891000000,0,-13169000000,0,7802000000,377918000000
2023-12-31,376317000000,163779000000,204802000000,41573000000,10034000000,212538000000,53.52253840342483,31539000000,0,31539000000,34257000000,34257000000,96609000000,38015000000,30296000000,7719000000,25120000000,0,1935000000,279708000000,214940000000,0,0,0,0,30511000000,0,65316000000,4090000000,61226000000,31249000000,29977000000,0,0,3189000000,0,0,98463000000,33645000000,3838000000,3838000000,0,24452000000,36528000000,0,212538000000,453927000000,17781000000,0,-254917000000,0,-11989000000,0,7736000000,376317000000
2023-09-30,372259000000,164726000000,199703000000,41253000000,8309000000,207533000000,51.56099378881988,32944000000,0,32944000000,48066000000,48066000000,101142000000,41814000000,41814000000,0,24450000000,0,1934000000,271117000000,205862000000,0,0,0,0,17189000000,0,71186000000,4743000000,66443000000,62257000000,4186000000,0,0,4186000000,0,0,93540000000,36510000000,0,0,0,23912000000,33118000000,0,207533000000,450138000000,16165000000,0,-253512000000,0,-13088000000,0,7830000000,372259000000
2023-06-30,363248000000,156251000000,199046000000,41496000000,11968000000,206997000000,50.90924741760944,29528000000,0,29528000000,47273000000,47273000000,91760000000,35915000000,35915000000,0,24249000000,0,2068000000,271488000000,206736000000,0,0,0,0,17479000000,0,61815000000,3929000000,57886000000,54404000000,3482000000,0,0,3482000000,0,0,94436000000,37567000000,0,0,0,23460000000,33409000000,0,206997000000,444731000000,16029000000,0,-249057000000,0,-12657000000,0,7951000000,363248000000
2023-03-31,369371000000,162957000000,198685000000,41446000000,8795000000,206414000000,50.32033154558752,32651000000,0,32651000000,49044000000,49044000000,97224000000,38808000000,38808000000,0,23642000000,0,2123000000,272147000000,206023000000,0,0,0,0,17080000000,0,66666000000,2296000000,64370000000,59935000000,4435000000,0,0,4435000000,0,0,96291000000,39150000000,0,0,0,23195000000,33946000000,0,206414000000,440552000000,15904000000,0,-244676000000,0,-13095000000,0,7729000000,369371000000
2022-12-31,369067000000,166594000000,195049000000,41193000000,11553000000,202473000000,49.60142087212151,29640000000,0,29640000000,34800000000,34800000000,97631000000,41749000000,32844000000,8905000000,24435000000,0,1807000000,271436000000,204692000000,0,0,0,0,31944000000,0,69045000000,634000000,68411000000,33169000000,35242000000,0,0,5214000000,0,0,97549000000,37260000000,3299000000,3299000000,0,22874000000,34116000000,0,202473000000,432860000000,15752000000,0,-240293000000,0,-13270000000,0,7424000000,369067000000
2022-09-30,370152000000,177109000000,186100000000,45428000000,15021000000,193043000000,46.127359617682195,30407000000,0,30407000000,50235000000,50235000000,99289000000,42411000000,42411000000,0,24096000000,0,2375000000,270863000000,203102000000,0,0,0,0,17526000000,0,74057000000,6182000000,67875000000,62550000000,5325000000,0,0,5325000000,0,0,103052000000,39246000000,0,0,0,21274000000,42532000000,0,193043000000,423877000000,16106000000,0,-236080000000,0,-17803000000,0,6943000000,370152000000
2022-06-30,367774000000,183266000000,177316000000,46883000000,28022000000,184508000000,43.5879990550437,18861000000,0,18861000000,46820000000,46820000000,93163000000,48063000000,48063000000,0,23585000000,0,2654000000,274611000000,209159000000,0,0,0,0,18632000000,0,80110000000,7367000000,72743000000,67958000000,4785000000,0,0,4785000000,0,0,103156000000,39516000000,0,0,0,20807000000,42833000000,0,184508000000,407902000000,16018000000,0,-231587000000,0,-15017000000,0,7192000000,367774000000
2022-03-31,354771000000,178245000000,169215000000,47537000000,36463000000,176526000000,41.379746835443036,11074000000,0,11074000000,46329000000,46329000000,77255000000,42142000000,42142000000,0,22177000000,0,1862000000,277516000000,212773000000,0,0,0,0,18414000000,0,72059000000,4886000000,67173000000,63501000000,3672000000,0,0,3672000000,0,0,106186000000,42651000000,0,0,0,19533000000,44002000000,0,176526000000,393779000000,15879000000,0,-227529000000,0,-12914000000,0,7311000000,354771000000
2021-12-31,338923000000,163240000000,168577000000,47704000000,40902000000,175683000000,41.19736640286453,6802000000,0,6802000000,31363000000,31363000000,59154000000,32383000000,26883000000,5500000000,18780000000,0,1189000000,279769000000,216552000000,0,0,0,0,31854000000,0,56643000000,4276000000,52367000000,26623000000,25744000000,0,0,5497000000,0,0,106597000000,41566000000,1862000000,1862000000,0,20165000000,43004000000,0,175683000000,392059000000,15746000000,0,-225464000000,0,-13764000000,0,7106000000,338923000000
2021-09-30,336688000000,169182000000,160589000000,56605000000,51837000000,167506000000,39.17352666043031,4768000000,0,4768000000,45641000000,45641000000,55555000000,29516000000,29516000000,0,19607000000,0,1664000000,281133000000,218795000000,0,0,0,0,16697000000,0,61856000000,12966000000,48890000000,47257000000,1633000000,0,0,1633000000,0,0,107326000000,43639000000,0,0,0,19008000000,44679000000,0,167506000000,386952000000,16104000000,0,-225771000000,0,-16696000000,0,6917000000,336688000000
2021-06-30,337289000000,171733000000,158571000000,60612000000,57147000000,165556000000,38.82976545511047,3465000000,0,3465000000,44774000000,44774000000,52842000000,28540000000,28540000000,0,19275000000,0,1562000000,284447000000,223012000000,0,0,0,0,16661000000,0,62238000000,15293000000,46945000000,45780000000,1165000000,0,0,1165000000,0,0,109495000000,45319000000,0,0,0,18511000000,45665000000,0,165556000000,383922000000,16006000000,0,-225771000000,0,-15586000000,0,6985000000,337289000000
2021-03-31,333770000000,169669000000,156974000000,63322000000,59807000000,164101000000,38.470564102564104,3515000000,0,3515000000,44181000000,44181000000,48195000000,24755000000,24755000000,0,18357000000,0,1568000000,285575000000,224641000000,0,0,0,0,16753000000,0,60150000000,18185000000,41965000000,41017000000,948000000,0,0,948000000,0,0,109519000000,45137000000,0,0,0,18113000000,46269000000,0,164101000000,382953000000,15884000000,0,-225773000000,0,-16090000000,0,7127000000,333770000000
2020-12-31,332750000000,168620000000,157150000000,67640000000,63276000000,164130000000,38.436023915909956,4364000000,0,4364000000,29915000000,29915000000,44893000000,20581000000,16339000000,4242000000,18850000000,0,1098000000,287857000000,227553000000,0,0,0,0,30389000000,0,56363000000,20458000000,35905000000,17499000000,18406000000,0,0,4092000000,0,0,112257000000,45502000000,1680000000,1680000000,0,18165000000,46910000000,0,164130000000,383943000000,15688000000,0,-225776000000,0,-16705000000,0,6980000000,332750000000
2020-09-30,358043000000,173431000000,177400000000,68799000000,59967000000,184612000000,40.723235297112005,8832000000,0,8832000000,43609000000,43609000000,48693000000,19974000000,19974000000,0,17885000000,0,2002000000,309350000000,250496000000,0,0,0,0,15245000000,0,56468000000,21911000000,34557000000,33340000000,1217000000,0,0,1217000000,0,0,116963000000,46888000000,0,0,0,24467000000,45608000000,0,184612000000,407728000000,15997000000,0,-226136000000,0,-20189000000,0,7212000000,358043000000
2020-06-30,361495000000,174342000000,180183000000,69515000000,56939000000,187153000000,45.055351850183136,12576000000,0,12576000000,43192000000,43192000000,53016000000,19036000000,19036000000,0,19657000000,0,1747000000,308479000000,250524000000,0,0,0,0,14763000000,0,57270000000,22952000000,34318000000,33216000000,1102000000,0,0,1102000000,0,0,117072000000,46563000000,0,0,0,24725000000,45784000000,0,187153000000,412124000000,15812000000,0,-226136000000,0,-21617000000,0,6970000000,361495000000
2020-03-31,355804000000,167061000000,182079000000,59612000000,48200000000,188743000000,44.20206352627371,11412000000,0,11412000000,42981000000,42981000000,50249000000,20871000000,20871000000,0,16501000000,0,1465000000,305555000000,248409000000,0,0,0,0,14165000000,0,64773000000,27755000000,37018000000,35815000000,1203000000,0,0,1203000000,0,0,102288000000,31857000000,0,0,0,24863000000,45568000000,0,188743000000,416919000000,15636000000,0,-226137000000,0,-24339000000,0,6664000000,355804000000
2019-12-31,362597000000,163659000000,191650000000,46920000000,43831000000,198938000000,46.51131981549633,3089000000,0,3089000000,29481000000,29481000000,50052000000,26966000000,21100000000,5866000000,18528000000,0,1469000000,312545000000,253018000000,0,0,0,0,30046000000,0,63989000000,20578000000,43411000000,24694000000,18717000000,0,0,4881000000,0,0,99670000000,24672000000,1670000000,1670000000,0,25620000000,47708000000,0,198938000000,421341000000,15637000000,0,-225835000000,0,-19493000000,0,7288000000,362597000000
2019-09-30,359361000000,162252000000,189915000000,47146000000,41795000000,197109000000,46.63462144742629,5351000000,0,5351000000,42920000000,42920000000,50008000000,25308000000,25308000000,0,17590000000,0,1759000000,309353000000,250512000000,0,0,0,0,15921000000,0,64195000000,21196000000,42999000000,40541000000,2458000000,0,0,2458000000,0,0,98057000000,25950000000,0,0,0,26513000000,45594000000,0,197109000000,419367000000,15795000000,15795000000,-225970000000,0,-19277000000,-15795000000,7194000000,359361000000
2019-06-30,360729000000,162264000000,191377000000,45196000000,40983000000,198465000000,46.2873642267169,4213000000,0,4213000000,42533000000,42533000000,51743000000,27132000000,27132000000,0,18835000000,0,1563000000,308986000000,250853000000,0,0,0,0,15600000000,0,70287000000,26195000000,44092000000,41480000000,2612000000,0,0,2612000000,0,0,91977000000,19001000000,0,0,0,26846000000,46130000000,0,198465000000,419913000000,15639000000,15639000000,-225970000000,0,-18205000000,-15639000000,7088000000,360729000000
2019-03-31,356189000000,158168000000,191222000000,40825000000,36239000000,198021000000,46.34534043342048,4586000000,0,4586000000,42068000000,42068000000,51576000000,27105000000,27105000000,0,18332000000,0,1553000000,304613000000,248563000000,0,0,0,0,13982000000,0,66632000000,21794000000,44838000000,42090000000,2748000000,0,0,2748000000,0,0,91536000000,19031000000,0,0,0,27287000000,45218000000,0,198021000000,420498000000,15476000000,15476000000,-225970000000,0,-18782000000,-15476000000,6799000000,356189000000
2018-12-31,346196000000,147668000000,191794000000,37796000000,34754000000,198528000000,46.65407999930019,3042000000,0,3042000000,26592000000,26592000000,47973000000,24701000000,19638000000,5063000000,18958000000,0,1272000000,298223000000,247101000000,0,0,0,0,24530000000,0,57138000000,17258000000,39880000000,21063000000,18817000000,0,0,5892000000,0,0,90530000000,19235000000,1303000000,1303000000,0,27244000000,42748000000,0,198528000000,421653000000,15258000000,15258000000,-225553000000,0,-19564000000,-15258000000,6734000000,346196000000
2018-09-30,354628000000,157797000000,190365000000,40037000000,34368000000,196831000000,46.053407059252834,5669000000,0,5669000000,40427000000,40427000000,53975000000,27880000000,27880000000,0,18761000000,0,1665000000,300653000000,249153000000,0,0,0,0,11073000000,0,65288000000,19413000000,45875000000,41714000000,4161000000,0,0,4161000000,0,0,92509000000,20624000000,0,0,0,27084000000,44801000000,0,196831000000,419155000000,15254000000,15254000000,-225674000000,0,-18370000000,-15254000000,6466000000,354628000000
2018-06-30,348790000000,155257000000,187222000000,41220000000,37790000000,193533000000,45.313275579489584,3430000000,0,3430000000,39691000000,39691000000,50555000000,26993000000,26993000000,0,18483000000,0,1649000000,298235000000,248209000000,0,0,0,0,10335000000,0,62447000000,20500000000,41947000000,38490000000,3457000000,0,0,3457000000,0,0,92810000000,20720000000,0,0,0,26783000000,45307000000,0,193533000000,416418000000,15086000000,15086000000,-225673000000,0,-18609000000,-15086000000,6311000000,348790000000
2018-03-31,348826000000,153915000000,188195000000,40617000000,36492000000,194911000000,45.64660421545668,4125000000,0,4125000000,40350000000,40350000000,48315000000,24686000000,24686000000,0,18048000000,0,1456000000,300511000000,250352000000,0,0,0,0,9809000000,0,60306000000,19836000000,40470000000,37207000000,3263000000,0,0,3263000000,0,0,93609000000,20781000000,0,0,0,26760000000,46068000000,0,194911000000,415970000000,14888000000,14888000000,-225671000000,0,-16992000000,-14888000000,6716000000,348826000000
2017-12-31,348691000000,154191000000,187688000000,42336000000,39159000000,194500000000,45.631649650297234,3177000000,0,3177000000,24528000000,24528000000,47134000000,25597000000,21274000000,4323000000,16992000000,0,1368000000,301557000000,252630000000,0,0,0,0,24399000000,0,57771000000,17930000000,39841000000,21701000000,18140000000,0,0,6356000000,0,0,96420000000,23079000000,1327000000,1327000000,0,26893000000,45121000000,0,194500000000,414540000000,14656000000,14656000000,-225246000000,0,-16262000000,-14656000000,6812000000,348691000000
2017-09-30,349427000000,160229000000,182276000000,40610000000,36344000000,189198000000,44.29829079840787,4266000000,0,4266000000,37649000000,37649000000,45752000000,23263000000,23263000000,0,16743000000,0,1480000000,303675000000,255556000000,0,0,0,0,10470000000,0,53777000000,15741000000,38036000000,34698000000,3338000000,0,0,3338000000,0,0,106452000000,24869000000,0,0,0,34430000000,47153000000,0,189198000000,409449000000,14783000000,14783000000,-225305000000,0,-16651000000,-14783000000,6922000000,349427000000
2017-06-30,343012000000,157174000000,179178000000,41935000000,37893000000,185838000000,43.2697432923652,4042000000,0,4042000000,37719000000,37719000000,42180000000,21289000000,21289000000,0,15305000000,0,1544000000,300832000000,252987000000,0,0,0,0,10126000000,0,50949000000,17185000000,33764000000,31100000000,2664000000,0,0,2664000000,0,0,106225000000,24750000000,0,0,0,34585000000,46890000000,0,185838000000,408768000000,14617000000,14617000000,-225305000000,0,-18902000000,-14617000000,6660000000,343012000000
2017-03-31,344209000000,160438000000,177151000000,43607000000,38710000000,183771000000,43.536770569223265,4897000000,0,4897000000,38268000000,38268000000,43131000000,21842000000,21842000000,0,14873000000,0,1519000000,301078000000,253147000000,0,0,0,0,9663000000,0,53374000000,18483000000,34891000000,32069000000,2822000000,0,0,2822000000,0,0,107064000000,25124000000,0,0,0,34772000000,47168000000,0,183771000000,408707000000,14415000000,14415000000,-225292000000,0,-20679000000,-14415000000,6620000000,344209000000
2016-12-31,330314000000,156484000000,167325000000,42762000000,39105000000,173830000000,42.422797615007354,3657000000,0,3657000000,20964000000,20964000000,41416000000,21394000000,16033000000,5361000000,15080000000,0,1285000000,288898000000,244224000000,0,0,0,0,23710000000,0,47638000000,13830000000,33808000000,17801000000,16007000000,0,0,5268000000,0,0,108846000000,27707000000,1225000000,1225000000,0,34041000000,45873000000,0,173830000000,407831000000,12157000000,12157000000,-230424000000,0,-22239000000,-12157000000,6505000000,330314000000
2016-09-30,339386000000,162376000000,170597000000,46155000000,41062000000,177010000000,42.081622645003,5093000000,0,5093000000,35553000000,35553000000,42945000000,20388000000,20388000000,0,15342000000,0,2122000000,296441000000,251923000000,0,0,0,0,8965000000,0,50021000000,17239000000,32782000000,30027000000,2755000000,0,0,2755000000,0,0,112355000000,28916000000,0,0,0,34857000000,48582000000,0,177010000000,409284000000,12228000000,12228000000,-230449000000,0,-20466000000,-12228000000,6413000000,339386000000
2016-06-30,342473000000,165598000000,170591000000,44471000000,40113000000,176875000000,42.65808823955992,4358000000,0,4358000000,34182000000,34182000000,45828000000,21827000000,21827000000,0,15875000000,0,3768000000,296645000000,254062000000,0,0,0,0,8401000000,0,51504000000,14972000000,36532000000,33801000000,2731000000,0,0,2731000000,0,0,114094000000,29499000000,0,0,0,36012000000,48583000000,0,176875000000,409767000000,12019000000,12019000000,-230451000000,0,-20744000000,-12019000000,6284000000,342473000000
2016-03-31,342789000000,164291000000,172187000000,43108000000,38262000000,178498000000,42.723312589755864,4846000000,0,4846000000,34915000000,34915000000,44251000000,19814000000,19814000000,0,16223000000,0,3368000000,298538000000,255257000000,0,0,0,0,8366000000,0,48726000000,13540000000,35186000000,32294000000,2892000000,0,0,2892000000,0,0,115565000000,29568000000,0,0,0,36293000000,49704000000,0,178498000000,411200000000,11825000000,11825000000,-230454000000,0,-20384000000,-11825000000,6311000000,342789000000
2015-12-31,336758000000,159948000000,170811000000,38687000000,34982000000,176810000000,42.61248201791398,3705000000,0,3705000000,20611000000,20611000000,42623000000,19875000000,13243000000,6632000000,16245000000,0,2798000000,294135000000,251605000000,0,0,0,0,21919000000,0,53976000000,18762000000,35214000000,18074000000,17140000000,0,0,5739000000,0,0,105972000000,18687000000,1238000000,1238000000,0,36818000000,49229000000,0,176810000000,412444000000,11612000000,11612000000,-229734000000,0,-23511000000,-11612000000,5999000000,336758000000
2015-09-30,340662000000,163823000000,170723000000,34312000000,30016000000,176839000000,42.12438444379791,4296000000,0,4296000000,34315000000,34315000000,47234000000,22157000000,22157000000,0,16584000000,0,4197000000,293428000000,250583000000,0,0,0,0,8530000000,0,54828000000,14473000000,40355000000,36681000000,3674000000,0,0,3674000000,0,0,108995000000,19839000000,0,0,0,38210000000,50946000000,0,176839000000,412718000000,11443000000,11443000000,-229102000000,0,-24336000000,-11443000000,6116000000,340662000000
2015-06-30,348260000000,169262000000,172668000000,33840000000,29497000000,178998000000,42.720286396181386,4343000000,0,4343000000,34162000000,34162000000,51647000000,25957000000,25957000000,0,16663000000,0,4684000000,296613000000,253653000000,0,0,0,0,8798000000,0,58372000000,14409000000,43963000000,39914000000,4049000000,0,0,4049000000,0,0,110890000000,19431000000,0,0,0,39419000000,52040000000,0,178998000000,411538000000,11224000000,11224000000,-228601000000,0,-21493000000,-11224000000,6330000000,348260000000
2015-03-31,342961000000,165515000000,171227000000,32771000000,27587000000,177446000000,42.026684212738246,5184000000,0,5184000000,34471000000,34471000000,50658000000,25031000000,25031000000,0,16102000000,0,4341000000,292303000000,249497000000,0,0,0,0,8335000000,0,55933000000,13277000000,42656000000,38144000000,4512000000,0,0,4512000000,0,0,109582000000,19494000000,0,0,0,38935000000,51153000000,0,177446000000,410414000000,11006000000,11006000000,-227598000000,0,-22595000000,-11006000000,6219000000,342961000000
2014-12-31,349493000000,168429000000,174399000000,29121000000,24505000000,181064000000,42.99236529209216,4616000000,0,4616000000,20543000000,20543000000,52910000000,28009000000,18541000000,9468000000,16678000000,0,3607000000,296583000000,252668000000,0,0,0,0,23372000000,0,64633000000,17468000000,47165000000,25286000000,21879000000,0,0,8228000000,0,0,103796000000,11278000000,375000000,375000000,0,39230000000,52913000000,0,181064000000,408384000000,10792000000,10792000000,-225820000000,0,-18957000000,-10792000000,6665000000,349493000000
2014-09-30,352764000000,165269000000,180587000000,21834000000,16872000000,187495000000,43.94070775720647,4962000000,0,4962000000,35012000000,35012000000,58595000000,30963000000,30963000000,0,17761000000,0,4909000000,294169000000,251406000000,0,0,0,0,7751000000,0,65984000000,10243000000,55741000000,49272000000,6469000000,0,0,6469000000,0,0,99285000000,11591000000,0,0,0,41132000000,46562000000,0,187495000000,404738000000,10681000000,10681000000,-222636000000,0,-12196000000,-10681000000,6908000000,352764000000
2014-06-30,358586000000,170455000000,181155000000,21765000000,15682000000,188131000000,43.92580296402724,6083000000,0,6083000000,35110000000,35110000000,64013000000,34182000000,34182000000,0,18177000000,0,5571000000,294573000000,251353000000,0,0,0,0,8110000000,0,69529000000,9948000000,59581000000,52363000000,7218000000,0,0,7218000000,0,0,100926000000,11817000000,0,0,0,41000000000,48109000000,0,188131000000,399614000000,10487000000,10487000000,-219635000000,0,-9311000000,-10487000000,6976000000,358586000000
2014-03-31,353033000000,170142000000,176398000000,21367000000,15766000000,182891000000,42.20561538786197,5601000000,0,5601000000,37169000000,37169000000,61864000000,32480000000,32480000000,0,18568000000,0,5215000000,291169000000,245897000000,0,0,0,0,8103000000,0,70108000000,9223000000,60885000000,52109000000,8776000000,0,0,8776000000,0,0,100034000000,12144000000,0,0,0,40783000000,47107000000,0,182891000000,393800000000,10276000000,10276000000,-216638000000,0,-11040000000,-10276000000,6493000000,353033000000
2013-12-31,346808000000,166313000000,174003000000,22699000000,18055000000,180495000000,41.28688023660368,4644000000,0,4644000000,19734000000,19734000000,59308000000,33152000000,25993000000,7159000000,16135000000,0,5377000000,287500000000,243650000000,0,0,0,0,24116000000,0,71724000000,15808000000,55916000000,30920000000,24996000000,0,0,11714000000,0,0,94589000000,6516000000,375000000,375000000,0,40530000000,47168000000,0,180495000000,387432000000,10077000000,10077000000,-212781000000,0,-10725000000,-10077000000,6492000000,346808000000
2013-09-30,347564000000,172086000000,169245000000,21293000000,15983000000,175478000000,39.911768748346965,5310000000,0,5310000000,37048000000,37048000000,61303000000,33230000000,33230000000,0,16867000000,0,5896000000,286261000000,240981000000,0,0,0,0,8232000000,0,72749000000,13889000000,58860000000,51260000000,7600000000,0,0,7600000000,0,0,99337000000,7404000000,0,0,0,39506000000,52427000000,0,175478000000,381832000000,10062000000,10062000000,-209598000000,0,-13051000000,-10062000000,6233000000,347564000000
2013-06-30,341615000000,170027000000,165647000000,19357000000,14748000000,171588000000,38.769883378533244,4609000000,0,4609000000,35643000000,35643000000,62844000000,35340000000,35340000000,0,17197000000,0,5698000000,278771000000,235240000000,0,0,0,0,7888000000,0,72688000000,11861000000,60827000000,52619000000,8208000000,0,0,8208000000,0,0,97339000000,7496000000,0,0,0,38947000000,50896000000,0,171588000000,376732000000,9882000000,9882000000,-206586000000,0,-14381000000,-9882000000,5941000000,341615000000
2013-03-31,339639000000,166562000000,167001000000,13412000000,7198000000,173077000000,38.62349895143405,6214000000,0,6214000000,35641000000,35641000000,62594000000,34291000000,34291000000,0,16231000000,0,5858000000,277045000000,233728000000,0,0,0,0,7676000000,0,70084000000,5937000000,64147000000,53978000000,10169000000,0,0,10169000000,0,0,96478000000,7475000000,0,0,0,38712000000,50291000000,0,173077000000,372666000000,9665000000,9665000000,-202563000000,0,-12767000000,-9665000000,6076000000,339639000000
2012-12-31,333795000000,162135000000,165863000000,11581000000,1999000000,171660000000,37.95497487208312,9582000000,0,9582000000,18967000000,18967000000,64460000000,34987000000,28373000000,6614000000,14542000000,0,5349000000,269335000000,226949000000,0,0,0,0,23419000000,0,64139000000,3653000000,60486000000,33789000000,26697000000,0,0,9758000000,0,0,97996000000,7497000000,431000000,431000000,0,37570000000,52498000000,0,171660000000,365727000000,9653000000,9653000000,-197333000000,0,-12184000000,-9653000000,5797000000,333795000000
2012-09-30,335191000000,162836000000,166713000000,12424000000,-631000000,172355000000,37.640747129898,13055000000,0,13055000000,35105000000,35105000000,72138000000,36635000000,36635000000,0,16575000000,0,5873000000,263053000000,220330000000,0,0,0,0,7618000000,0,70061000000,3496000000,66565000000,53516000000,13049000000,0,0,13049000000,0,0,92775000000,8928000000,0,0,0,37642000000,46205000000,0,172355000000,358369000000,0,9645000000,-192188000000,0,-9113000000,0,5642000000,335191000000
2012-06-30,329645000000,161660000000,162811000000,15581000000,-2221000000,167985000000,36.00432746360739,17802000000,0,17802000000,33921000000,33921000000,72797000000,33741000000,33741000000,0,15158000000,0,6096000000,256848000000,214940000000,0,0,0,0,7987000000,0,70136000000,6704000000,63432000000,51322000000,12110000000,0,0,12110000000,0,0,91524000000,8877000000,0,0,0,36851000000,45796000000,0,167985000000,351421000000,0,9221000000,-187172000000,0,-10659000000,0,5174000000,329645000000
2012-03-31,345152000000,181035000000,157012000000,15650000000,-3020000000,164117000000,34.73375661375661,18670000000,0,18670000000,34527000000,34527000000,76160000000,35844000000,35844000000,0,14749000000,0,6897000000,268992000000,214602000000,0,0,0,0,19863000000,0,79994000000,6419000000,73575000000,59084000000,14491000000,0,0,14491000000,0,0,101041000000,9231000000,0,0,0,36286000000,55524000000,0,164117000000,338168000000,0,9007000000,-182165000000,0,-7998000000,0,7105000000,345152000000
2011-12-31,331052000000,170308000000,154396000000,17033000000,4369000000,160744000000,33.687838298302395,12664000000,0,12664000000,34333000000,34333000000,72963000000,38642000000,30044000000,8598000000,15024000000,0,6633000000,258089000000,214664000000,0,0,0,0,9092000000,0,77505000000,7711000000,69794000000,33969000000,35825000000,0,0,19850000000,0,0,92803000000,9062000000,260000000,260000000,0,36618000000,46863000000,0,160744000000,330939000000,9512000000,9512000000,-176932000000,0,-9123000000,-9512000000,6348000000,331052000000
2011-09-30,323227000000,161015000000,155939000000,16762000000,5740000000,162212000000,33.4473920634449,11022000000,0,11022000000,35342000000,35342000000,69376000000,34368000000,34368000000,0,16730000000,0,7256000000,253851000000,209194000000,0,0,0,0,9315000000,0,74971000000,7431000000,67540000000,54572000000,12968000000,0,0,12968000000,0,0,86044000000,9331000000,0,0,0,36891000000,39822000000,0,162212000000,323786000000,0,9506000000,-172025000000,0,-5328000000,0,6273000000,323227000000
2011-06-30,326204000000,164369000000,155551000000,16488000000,8201000000,161835000000,32.987158581328984,8287000000,1754000000,10041000000,35241000000,36995000000,72305000000,35331000000,35331000000,0,19048000000,0,7885000000,253899000000,209807000000,0,0,0,0,8851000000,0,74533000000,4365000000,70168000000,57853000000,12315000000,0,0,12315000000,0,0,89836000000,12123000000,0,0,0,37193000000,40520000000,0,161835000000,315733000000,0,9352000000,-166735000000,0,-2799000000,0,6284000000,326204000000
2011-03-31,319533000000,162002000000,151480000000,15876000000,3043000000,157531000000,31.741084021761033,12833000000,0,12833000000,35207000000,35207000000,72022000000,35146000000,35146000000,0,16262000000,0,7781000000,247511000000,203726000000,0,0,0,0,8578000000,0,73576000000,3560000000,70016000000,57700000000,12316000000,0,0,12316000000,0,0,88426000000,12316000000,0,0,0,36121000000,39989000000,0,157531000000,307361000000,0,9156000000,-161381000000,0,-3656000000,0,6051000000,319533000000
2010-12-31,302510000000,149831000000,146839000000,15014000000,7189000000,152679000000,30.76344952649607,7825000000,0,7825000000,35338000000,35338000000,58984000000,32284000000,32284000000,0,12976000000,0,5899000000,243526000000,199548000000,0,0,0,0,8640000000,0,62633000000,2255000000,59846000000,30780000000,29066000000,0,0,16590000000,0,0,87198000000,12227000000,0,0,0,35150000000,39821000000,0,152679000000,298899000000,9371000000,9371000000,-156608000000,0,-4823000000,0,5840000000,302510000000
2010-09-30,299994000000,149394000000,145031000000,18294000000,6050000000,150600000000,29.66903073286052,12244000000,15000000,12259000000,33173000000,33188000000,62633000000,30244000000,30244000000,0,14302000000,0,5828000000,237361000000,195440000000,0,0,0,0,8748000000,0,61740000000,3046000000,58694000000,48251000000,10443000000,0,0,10443000000,0,0,87654000000,15248000000,0,0,0,35304000000,37102000000,0,150600000000,291861000000,0,9341000000,-151832000000,0,-4339000000,0,5569000000,299994000000
2010-06-30,291068000000,145701000000,140172000000,20432000000,7180000000,145367000000,30.824215436810857,13252000000,15000000,13267000000,32642000000,32657000000,62216000000,29206000000,29206000000,0,13439000000,0,6304000000,228852000000,188069000000,8141000000,0,29206000000,0,0,0,57821000000,2946000000,54875000000,45454000000,9421000000,0,0,9421000000,0,0,87880000000,17486000000,0,0,0,34283000000,36111000000,0,145367000000,286745000000,0,9002000000,-148820000000,0,2051000000,-8806000000,5195000000,291068000000
2010-03-31,242748000000,125082000000,112541000000,9450000000,-4292000000,117666000000,24.918678526048286,13742000000,85000000,13827000000,32541000000,32626000000,61696000000,29052000000,29052000000,0,13488000000,0,5329000000,181052000000,140819000000,7692000000,0,29052000000,0,0,0,57744000000,2396000000,55348000000,46136000000,9212000000,0,0,9212000000,0,0,67338000000,7054000000,0,0,0,23662000000,36622000000,0,117666000000,281251000000,0,5300000000,-168473000000,0,-5537000000,0,5125000000,242748000000
2009-12-31,233323000000,117931000000,110569000000,9605000000,-1088000000,115392000000,24.43710292249047,10693000000,169000000,10862000000,31665000000,31834000000,55235000000,27645000000,27645000000,0,11553000000,0,5175000000,178088000000,139116000000,7307000000,0,27645000000,0,0,0,52061000000,2476000000,49585000000,24236000000,25349000000,0,0,14231000000,0,0,65870000000,7129000000,0,0,0,23148000000,35593000000,0,115392000000,276937000000,5503000000,5503000000,-166410000000,0,-5461000000,0,4823000000,233323000000
2009-09-30,229307000000,117202000000,107265000000,9603000000,-2869000000,112105000000,23.433319397993312,12472000000,151000000,12623000000,32064000000,32215000000,57324000000,26937000000,26937000000,0,12585000000,0,5179000000,171983000000,132874000000,0,0,0,0,7045000000,0,52933000000,2418000000,50515000000,42645000000,7870000000,0,0,7870000000,0,0,64269000000,7185000000,0,0,0,23238000000,33846000000,0,112105000000,272879000000,0,5445000000,-164679000000,0,-6380000000,0,4840000000,229307000000
2009-06-30,224661000000,113508000000,106592000000,9274000000,-6302000000,111153000000,23.07479999871482,15576000000,153000000,15729000000,30358000000,30511000000,59496000000,26862000000,26862000000,0,12441000000,0,4464000000,165165000000,127861000000,6946000000,0,26862000000,0,0,0,51614000000,2157000000,49457000000,41895000000,7562000000,0,0,7562000000,0,0,61894000000,7117000000,0,0,0,21880000000,32897000000,0,111153000000,270160000000,0,5260000000,-160579000000,0,-8249000000,0,4561000000,224661000000
2009-03-31,222491000000,111113000000,107003000000,9204000000,-15768000000,111378000000,22.55985416244683,24972000000,168000000,25140000000,29105000000,29273000000,64818000000,22942000000,22942000000,0,12717000000,0,4019000000,157673000000,122224000000,6344000000,0,22942000000,0,0,0,49505000000,2163000000,47342000000,38468000000,8874000000,0,0,8874000000,0,0,61608000000,7041000000,0,0,0,20063000000,34504000000,0,111378000000,268249000000,0,5066000000,-155412000000,0,-10900000000,0,4375000000,222491000000
2008-12-31,228052000000,110529000000,112965000000,9425000000,-22012000000,117523000000,23.80453716832084,31437000000,570000000,32007000000,28556000000,29126000000,72266000000,24702000000,18707000000,5995000000,11646000000,0,3911000000,155786000000,121346000000,5884000000,0,24702000000,0,0,0,49100000000,2400000000,46700000000,21190000000,25510000000,0,0,15923000000,0,0,61429000000,7025000000,0,0,0,19726000000,34678000000,0,117523000000,265680000000,5314000000,5314000000,-148098000000,0,-9931000000,0,4558000000,228052000000
2008-09-30,256218000000,130932000000,125286000000,10264000000,-26410000000,125286000000,24.5562524500196,36674000000,1760000000,38434000000,0,1760000000,96021000000,35251000000,35251000000,0,15940000000,6396000000,0,160197000000,123258000000,0,0,0,0,36939000000,0,67631000000,2881000000,49087000000,49087000000,0,0,0,0,0,15663000000,63301000000,7383000000,0,0,0,23265000000,32653000000,0,125286000000,259878000000,0,5105000000,-139636000000,0,-61000000,0,0,256218000000
2008-06-30,266758000000,141932000000,124826000000,9637000000,-29331000000,124826000000,24.00038454143434,38968000000,732000000,39700000000,0,732000000,103982000000,41820000000,41820000000,0,15861000000,6601000000,0,162776000000,124925000000,0,0,0,0,37851000000,0,77233000000,2310000000,60262000000,60262000000,0,0,0,14661000000,0,14661000000,64699000000,7327000000,0,0,0,24299000000,33073000000,0,124826000000,247111000000,0,4904000000,-131036000000,0,3847000000,0,0,266758000000
2008-03-31,258202000000,135063000000,123139000000,10006000000,-30907000000,123139000000,23.180436179768776,40913000000,480000000,41393000000,0,480000000,97758000000,36428000000,36428000000,0,15378000000,4559000000,0,160444000000,122935000000,0,0,0,0,37509000000,0,70983000000,2771000000,53613000000,53613000000,0,0,0,14599000000,0,14599000000,64080000000,7235000000,0,0,0,24008000000,32837000000,0,123139000000,237529000000,0,4745000000,-122639000000,0,3504000000,0,0,258202000000
2007-12-31,242082000000,116038000000,121762000000,9566000000,-24415000000,126044000000,23.727291092527757,33981000000,519000000,34500000000,0,519000000,85963000000,36450000000,30775000000,5675000000,11089000000,3924000000,0,156119000000,120869000000,0,0,0,0,35250000000,0,58312000000,2383000000,39962000000,29239000000,10723000000,0,0,17139000000,0,15967000000,57726000000,7183000000,0,0,0,22899000000,27644000000,0,126044000000,228518000000,4933000000,4933000000,-113678000000,0,1989000000,-4933000000,4282000000,242082000000
2007-09-30,236661000000,118058000000,118603000000,8991000000,-22432000000,118603000000,21.678763016315,31423000000,190000000,31613000000,0,190000000,85247000000,31832000000,31832000000,0,13019000000,4179000000,4604000000,151414000000,119102000000,0,0,0,0,32312000000,0,55920000000,2095000000,43525000000,43525000000,0,0,0,0,0,10300000000,62138000000,6896000000,0,0,0,22329000000,32913000000,0,118603000000,218761000000,0,4988000000,-105995000000,0,849000000,0,0,236661000000
2007-06-30,228315000000,111965000000,116350000000,8790000000,-20169000000,116350000000,20.979288498820864,28959000000,0,28959000000,0,0,80720000000,30315000000,30315000000,0,12895000000,3947000000,4604000000,147595000000,116058000000,0,0,0,0,31537000000,0,51916000000,2033000000,41247000000,41247000000,0,0,0,8636000000,0,8636000000,60049000000,6757000000,0,0,0,21548000000,31744000000,0,116350000000,211283000000,0,4795000000,-98454000000,0,-1274000000,0,0,228315000000
2007-03-31,223299000000,109189000000,114110000000,8764000000,-21230000000,114110000000,20.16599138061418,29994000000,0,29994000000,0,0,78065000000,27582000000,27582000000,0,12605000000,3280000000,4604000000,145234000000,114201000000,0,0,0,0,31033000000,0,50590000000,2006000000,38923000000,38923000000,0,0,0,9661000000,0,9661000000,58599000000,6758000000,0,0,0,21010000000,30831000000,0,114110000000,202984000000,0,4530000000,-90858000000,0,-2546000000,0,0,223299000000
2006-12-31,219015000000,105171000000,113844000000,8347000000,-19897000000,113844000000,20.118982759921487,28244000000,0,28244000000,0,0,75777000000,28942000000,25076000000,3866000000,10714000000,3273000000,4604000000,143238000000,113687000000,0,0,0,0,29551000000,0,48817000000,1702000000,25084000000,25084000000,0,6052000000,0,8033000000,0,15979000000,56354000000,6425000000,220000000,220000000,0,20851000000,28858000000,0,113844000000,195207000000,4786000000,4786000000,-83387000000,0,-2762000000,-4786000000,0,219015000000
2006-09-30,223947000000,107354000000,116593000000,8589000000,-24145000000,116593000000,19.895278358750044,32734000000,0,32734000000,0,0,81753000000,28390000000,28390000000,0,12528000000,3497000000,4604000000,142194000000,111722000000,0,0,0,0,30472000000,0,54804000000,2125000000,40225000000,40225000000,0,0,0,0,0,12454000000,52550000000,6464000000,0,0,0,21018000000,25068000000,0,116593000000,186810000000,0,4665000000,-75430000000,0,548000000,0,0,223947000000
2006-06-30,221010000000,105246000000,115764000000,8357000000,-23756000000,115764000000,19.442988415374423,32113000000,0,32113000000,0,0,80658000000,28607000000,28607000000,0,11829000000,3505000000,4604000000,140352000000,111110000000,0,0,0,0,29242000000,0,51554000000,1964000000,39302000000,39302000000,0,0,0,10288000000,0,10288000000,53692000000,6393000000,0,0,0,22275000000,25024000000,0,115764000000,178212000000,0,4499000000,-67460000000,0,513000000,0,0,221010000000
2006-03-31,216002000000,103539000000,112463000000,7994000000,-23951000000,112463000000,18.476064284922455,31945000000,0,31945000000,0,0,78474000000,26962000000,26962000000,0,11584000000,3379000000,4604000000,137528000000,108397000000,0,0,0,0,29131000000,0,51434000000,1739000000,39019000000,39019000000,0,0,0,10676000000,0,10676000000,52105000000,6255000000,0,0,0,21895000000,23955000000,0,112463000000,169778000000,0,4397000000,-60830000000,0,-882000000,0,0,216002000000
2005-12-31,208335000000,97149000000,111186000000,7991000000,-20680000000,111186000000,18.26627142778859,28671000000,0,28671000000,0,0,73342000000,27484000000,27484000000,0,9321000000,3262000000,4604000000,134993000000,107010000000,0,0,0,0,27983000000,0,46307000000,1771000000,36120000000,36120000000,0,0,0,8416000000,0,8416000000,50842000000,6220000000,0,0,0,20878000000,23744000000,0,114713000000,163335000000,5743000000,4477000000,-55347000000,0,-2545000000,0,3527000000,208335000000
2005-09-30,209721000000,101831000000,107890000000,8457000000,-20783000000,107890000000,17.401612903225807,29240000000,0,29240000000,0,0,74730000000,26193000000,26193000000,0,10976000000,3717000000,4604000000,134991000000,107094000000,0,0,0,0,27897000000,0,50875000000,2331000000,39055000000,39055000000,0,0,0,8492000000,0,9489000000,50956000000,6126000000,0,0,0,20525000000,24305000000,0,107890000000,154420000000,0,5176000000,-50078000000,0,-1628000000,0,0,209721000000
2005-06-30,201816000000,97220000000,104596000000,9086000000,-16562000000,104596000000,16.56559685805331,25648000000,0,25648000000,0,0,69630000000,25716000000,25716000000,0,10583000000,3079000000,4604000000,132186000000,106215000000,0,0,0,0,25971000000,0,46629000000,3015000000,36185000000,36185000000,0,0,0,0,0,7429000000,50591000000,6071000000,0,0,0,20079000000,24441000000,0,104596000000,146322000000,0,5100000000,-44772000000,0,-2054000000,0,0,201816000000
2005-03-31,201252000000,97554000000,103698000000,8324000000,-16841000000,103698000000,16.227549619435482,25165000000,0,25165000000,0,0,68590000000,25489000000,25489000000,0,10462000000,2870000000,4604000000,132662000000,107415000000,0,0,0,0,25247000000,0,47757000000,3309000000,35489000000,35489000000,0,0,0,0,0,8959000000,49797000000,5015000000,0,0,0,20731000000,24051000000,0,103698000000,140522000000,0,5070000000,-41152000000,0,-742000000,0,0,201252000000
2004-12-31,195256000000,89548000000,101756000000,8293000000,-10238000000,105708000000,16.542091604189913,18531000000,0,18531000000,0,0,60377000000,25359000000,25359000000,0,9487000000,2396000000,4604000000,134879000000,108639000000,0,0,0,0,26240000000,0,42981000000,3280000000,26611000000,26611000000,0,0,0,7938000000,0,13090000000,46567000000,5013000000,0,0,0,21092000000,20462000000,0,105708000000,134390000000,5067000000,5067000000,-38214000000,0,513000000,-5067000000,3952000000,195256000000
2004-09-30,187433000000,91991000000,95442000000,10109000000,-5999000000,95442000000,14.786788731353044,16108000000,0,16108000000,0,0,57935000000,24506000000,24506000000,0,10079000000,2640000000,4602000000,129498000000,104893000000,0,0,0,0,24605000000,0,44195000000,4913000000,32107000000,32107000000,0,0,0,0,0,7175000000,47796000000,5196000000,0,0,0,19655000000,22945000000,0,95442000000,127708000000,0,4452000000,-35422000000,0,-1296000000,0,0,187433000000
2004-06-30,180989000000,87454000000,93535000000,9830000000,-4347000000,93535000000,14.37757340137503,14177000000,0,14177000000,0,0,54250000000,23089000000,23089000000,0,9958000000,2425000000,4601000000,126739000000,103854000000,0,0,0,0,22885000000,0,41248000000,4746000000,30184000000,30184000000,0,0,0,0,0,6318000000,46206000000,5084000000,0,0,0,19524000000,21598000000,0,93535000000,123781000000,0,4388000000,-32652000000,0,-1982000000,0,0,180989000000
2004-03-31,180202000000,88521000000,91681000000,9969000000,-5925000000,91681000000,13.988093751002824,15894000000,0,15894000000,0,0,52475000000,24189000000,24189000000,0,10186000000,2206000000,0,127727000000,104784000000,0,0,0,0,22943000000,0,41955000000,4834000000,30356000000,30356000000,0,0,0,0,0,6765000000,46566000000,5135000000,0,0,0,19981000000,21450000000,0,91681000000,119754000000,0,4339000000,-30922000000,0,-1490000000,0,0,180202000000
2003-12-31,174278000000,80981000000,89915000000,9545000000,-1081000000,93297000000,14.23465257454991,10626000000,0,10626000000,0,0,45960000000,24309000000,24309000000,0,8957000000,2068000000,0,128318000000,104965000000,0,0,0,0,23353000000,0,38386000000,4789000000,28445000000,28445000000,0,5374000000,0,3695000000,0,-222000000,42595000000,4756000000,0,0,0,20118000000,17721000000,0,93297000000,115956000000,0,4468000000,-29361000000,0,-1148000000,0,3382000000,174278000000
2003-09-30,166987000000,83223000000,83764000000,9619000000,-1396000000,83764000000,12.621972603431342,11015000000,0,11015000000,0,0,42958000000,20248000000,20248000000,0,9757000000,1938000000,0,124029000000,101192000000,0,0,0,0,22837000000,0,38641000000,4004000000,27731000000,27731000000,0,0,0,0,0,6906000000,44582000000,5615000000,0,0,0,17716000000,21251000000,0,83764000000,110955000000,0,4100000000,-27688000000,0,-3603000000,0,0,166987000000
2003-06-30,165103000000,82522000000,82581000000,10138000000,-2383000000,82581000000,12.476266187140117,12521000000,0,12521000000,0,0,44066000000,19471000000,19471000000,0,10035000000,2039000000,0,121037000000,99500000000,0,0,0,0,21537000000,0,36648000000,4327000000,26530000000,26530000000,0,0,0,0,0,5791000000,45874000000,5811000000,0,0,0,17541000000,22522000000,0,82581000000,108963000000,0,4089000000,-26105000000,0,-4366000000,0,0,165103000000
2003-03-31,162495000000,82910000000,79585000000,10661000000,-1667000000,79585000000,11.869921874578482,12328000000,0,12328000000,0,0,45474000000,22146000000,22146000000,0,8862000000,2138000000,0,117021000000,96595000000,0,0,0,0,20426000000,0,37652000000,4172000000,27592000000,27592000000,0,0,0,0,0,5888000000,45258000000,6489000000,0,0,0,17250000000,21519000000,0,79585000000,106460000000,0,4071000000,-25012000000,0,-5934000000,0,0,162495000000
2002-12-31,152644000000,75279000000,74597000000,10748000000,3519000000,77365000000,11.538813920044786,7229000000,0,7229000000,0,0,38291000000,21163000000,21163000000,0,8068000000,1831000000,0,114353000000,94940000000,0,0,0,0,19413000000,0,33175000000,4093000000,13792000000,13792000000,0,4628000000,0,916000000,0,10662000000,42104000000,6655000000,0,0,0,16484000000,18965000000,0,77365000000,100961000000,0,4217000000,-24077000000,0,-6504000000,0,2768000000,152644000000
2002-09-30,149473000000,74783000000,74690000000,10883000000,3946000000,74690000000,11.03375000037615,6937000000,0,6937000000,0,0,36543000000,18699000000,18699000000,0,8756000000,2151000000,0,112930000000,93459000000,0,0,0,0,19471000000,0,33059000000,3773000000,24394000000,24394000000,0,0,0,0,0,4892000000,41724000000,7110000000,0,0,0,16572000000,18042000000,0,74690000000,98416000000,0,3851000000,-22990000000,0,-4587000000,0,0,149473000000
2002-06-30,148232000000,73114000000,75118000000,11309000000,5609000000,75118000000,11.381515151515151,5700000000,0,5700000000,0,0,36137000000,19584000000,19584000000,0,8666000000,2187000000,0,112095000000,93190000000,0,0,0,0,18905000000,0,31242000000,3702000000,24140000000,24140000000,0,0,0,0,0,3400000000,41872000000,7607000000,0,0,0,17381000000,16884000000,0,75118000000,97327000000,0,3843000000,-21959000000,0,-4093000000,0,0,148232000000
2002-03-31,142037000000,69670000000,72367000000,10513000000,3891000000,72367000000,10.387607655005377,6622000000,0,6622000000,0,0,35455000000,18640000000,18640000000,0,8321000000,1872000000,0,106582000000,89253000000,0,0,0,0,17329000000,0,30178000000,3395000000,23159000000,23159000000,0,0,0,0,0,3624000000,39492000000,7118000000,0,0,0,16162000000,16212000000,0,72367000000,96245000000,0,3828000000,-20899000000,0,-6807000000,0,0,142037000000
2001-12-31,143174000000,70013000000,73161000000,10802000000,4255000000,73161000000,10.647601412511406,6547000000,0,6547000000,0,0,35681000000,19549000000,19549000000,0,7904000000,1681000000,0,107493000000,89602000000,0,0,0,0,17891000000,0,30114000000,3703000000,22862000000,22862000000,0,0,0,0,0,3549000000,39899000000,7099000000,0,0,0,16359000000,16441000000,0,75986000000,95718000000,0,3789000000,-19597000000,0,-6749000000,0,2825000000,143174000000
2001-09-30,147904000000,74079000000,73825000000,11133000000,2107000000,73825000000,10.67908805071745,9026000000,0,9026000000,0,0,40327000000,20512000000,20512000000,0,8615000000,2174000000,0,107577000000,89533000000,0,0,0,0,18044000000,0,34565000000,3893000000,24632000000,24632000000,0,0,0,0,0,6040000000,39514000000,7240000000,0,0,0,16138000000,16136000000,0,73825000000,94609000000,0,3752000000,-18230000000,0,-6306000000,0,0,147904000000
2001-06-30,147660000000,74686000000,72974000000,11179000000,1881000000,72974000000,10.7988430486494,9298000000,0,9298000000,0,0,41322000000,21409000000,21409000000,0,8395000000,2220000000,0,106338000000,88356000000,0,0,0,0,17982000000,0,35614000000,3890000000,25307000000,25307000000,0,0,0,0,0,6417000000,39072000000,7289000000,0,0,0,16194000000,15589000000,0,72974000000,93006000000,0,3745000000,-16939000000,0,-6838000000,0,0,147660000000
2001-03-31,148786000000,76897000000,71889000000,12830000000,1924000000,71889000000,10.423905000208478,10906000000,0,10906000000,0,0,42527000000,21117000000,21117000000,0,8382000000,2122000000,0,106259000000,88006000000,0,0,0,0,18253000000,0,37361000000,5560000000,25164000000,25164000000,0,0,0,0,0,6637000000,39536000000,7270000000,0,0,0,16357000000,15909000000,0,71889000000,90130000000,0,3692000000,-15510000000,0,-6423000000,0,0,148786000000
2000-12-31,149000000000,75013000000,70757000000,13441000000,6361000000,73987000000,10.728115000214562,7080000000,0,7080000000,0,0,40399000000,22996000000,22996000000,0,8304000000,2019000000,0,108601000000,89829000000,0,0,0,0,18772000000,0,38191000000,6161000000,26755000000,26755000000,0,0,0,0,0,5275000000,36822000000,7280000000,0,0,0,16442000000,13100000000,0,73987000000,86652000000,0,3661000000,-14132000000,0,-5424000000,0,3230000000,149000000000
2000-09-30,148252000000,80141000000,68111000000,14241000000,7597000000,68111000000,9.784319599218088,6644000000,2000000,6646000000,0,2000000,39449000000,21601000000,21601000000,0,8540000000,0,2662000000,108803000000,90067000000,0,0,0,0,18736000000,0,39775000000,6713000000,27646000000,27646000000,0,0,0,0,0,5416000000,40366000000,7528000000,0,0,0,0,32838000000,0,68111000000,82959000000,0,3589000000,-12888000000,0,-5549000000,0,0,148252000000
2000-06-30,146618000000,79682000000,66936000000,14626000000,8813000000,66936000000,9.604503311576307,5813000000,50000000,5863000000,0,50000000,37051000000,20285000000,20285000000,0,8499000000,0,2404000000,109567000000,91303000000,0,0,0,0,18264000000,0,38592000000,6617000000,27217000000,27217000000,0,0,0,0,0,4758000000,41090000000,8009000000,0,0,0,0,33081000000,0,66936000000,80002000000,0,3510000000,-11996000000,0,-4580000000,0,0,146618000000
2000-03-31,143238000000,78633000000,64605000000,15379000000,12451000000,64605000000,9.282327586206897,2928000000,57000000,2985000000,0,57000000,32380000000,19083000000,19083000000,0,8184000000,0,2128000000,110858000000,92553000000,0,0,0,0,18305000000,0,37221000000,7370000000,25631000000,25631000000,0,0,0,0,0,4220000000,41412000000,8009000000,0,0,0,0,33403000000,0,64605000000,77004000000,0,3461000000,-12049000000,0,-3811000000,0,0,143238000000
1999-12-31,144521000000,77367000000,63466000000,18972000000,17284000000,67154000000,9.648563218390805,1688000000,73000000,1761000000,0,73000000,31141000000,19155000000,19155000000,0,8492000000,0,1733000000,113380000000,94043000000,0,0,0,0,19337000000,0,38733000000,10570000000,13524000000,13524000000,0,0,0,0,0,14639000000,38634000000,8402000000,0,0,0,16251000000,13981000000,0,67154000000,75055000000,3403000000,3403000000,-12126000000,0,-2866000000,0,3688000000,144521000000
1999-09-30,94394000000,50560000000,43834000000,9245000000,8094000000,43834000000,9.02677100494234,1151000000,39000000,1190000000,0,39000000,18048000000,10778000000,10778000000,0,4895000000,0,1185000000,76346000000,65999000000,0,0,0,0,10347000000,0,21579000000,4820000000,15410000000,15410000000,0,0,0,0,0,1349000000,28981000000,4425000000,0,0,0,0,24556000000,0,43834000000,55312000000,2323000000,0,-12510000000,31000000,-1322000000,0,0,94394000000
1999-06-30,91235000000,48406000000,42829000000,9267000000,7939000000,42829000000,8.819810543657331,1328000000,0,1328000000,0,0,16429000000,9107000000,9107000000,0,4787000000,0,1207000000,74806000000,65002000000,0,0,0,0,9804000000,0,19710000000,4770000000,13734000000,13734000000,0,0,0,0,0,1206000000,28696000000,4497000000,0,0,0,0,24199000000,0,42829000000,54807000000,0,0,0,44000000,-64051000000,52029000000,0,91235000000
1999-03-31,90731000000,47729000000,43002000000,8400000000,7015000000,43002000000,8.855436573311367,1385000000,0,1385000000,0,0,16709000000,9161000000,9161000000,0,4947000000,0,1216000000,74022000000,64415000000,0,0,0,0,9607000000,0,18872000000,3837000000,13670000000,13670000000,0,0,0,0,0,1365000000,28857000000,4563000000,0,0,0,0,24294000000,0,43002000000,54598000000,0,0,0,91000000,-63252000000,51565000000,0,90731000000
1998-12-31,92630000000,73588000000,43750000000,8778000000,7337000000,19042000000,3.921334431630972,2386000000,50000000,2436000000,0,50000000,28594000000,15829000000,15829000000,0,8692000000,0,1637000000,110741000000,92583000000,0,0,0,0,18158000000,0,19412000000,8484000000,10915000000,10915000000,0,0,0,0,0,4249000000,39807000000,8532000000,0,0,0,13142000000,14526000000,0,45557000000,54575000000,2323000000,0,-15831000000,105000000,-1048000000,-20096000000,1807000000,92630000000
1998-09-30,95227000000,51468000000,43759000000,9551000000,7450000000,43759000000,9.06436428552005,2101000000,0,2101000000,0,0,18077000000,9293000000,9293000000,0,5462000000,0,1221000000,77150000000,68277000000,0,0,0,0,8873000000,0,18765000000,2639000000,14269000000,14269000000,0,0,0,0,0,1857000000,32703000000,6912000000,0,0,0,0,25791000000,0,43759000000,54113000000,0,0,0,119000000,-64883000000,54410000000,0,95227000000
1998-06-30,93216000000,49859000000,43357000000,9484000000,6795000000,43357000000,8.831981481645037,2689000000,0,2689000000,0,0,18280000000,9396000000,9396000000,0,5119000000,0,1076000000,74936000000,66752000000,0,0,0,0,8184000000,0,17532000000,2557000000,13280000000,13280000000,0,0,0,0,0,1695000000,32327000000,6927000000,0,0,0,0,25400000000,0,43357000000,53713000000,0,0,0,134000000,-63223000000,52733000000,0,93216000000
1998-03-31,94953000000,51208000000,43745000000,9830000000,5989000000,43745000000,8.911018518683537,3841000000,0,3841000000,0,0,20041000000,9967000000,9967000000,0,5209000000,0,1024000000,74912000000,66726000000,0,0,0,0,8186000000,0,18576000000,2753000000,13573000000,13573000000,0,0,0,0,0,2250000000,32632000000,7077000000,0,0,0,0,25555000000,0,43745000000,53096000000,0,0,0,174000000,-62435000000,52910000000,0,94953000000
1997-12-31,96064000000,50033000000,43660000000,9952000000,5905000000,46031000000,9.376685185358827,4047000000,0,4047000000,0,0,21192000000,10702000000,10702000000,0,5487000000,0,956000000,74872000000,66414000000,0,0,0,0,8458000000,0,19654000000,2902000000,14683000000,14683000000,0,0,0,0,0,2069000000,30379000000,7050000000,0,0,0,13452000000,9877000000,0,46031000000,52214000000,0,0,0,190000000,-61364000000,52620000000,2371000000,96064000000
1997-09-30,97123000000,53767000000,43356000000,9928000000,5147000000,43356000000,8.81413186798658,4781000000,0,4781000000,0,0,21686000000,10248000000,10248000000,0,5486000000,0,1171000000,75437000000,67008000000,0,0,0,0,8429000000,0,20250000000,2647000000,14966000000,14966000000,0,0,0,0,0,2637000000,33517000000,7281000000,0,0,0,0,26236000000,0,43356000000,50727000000,0,0,0,206000000,-62168000000,54591000000,0,97123000000
1997-06-30,94920000000,51105000000,43815000000,9684000000,4964000000,43815000000,8.807595420385196,4720000000,0,4720000000,0,0,20794000000,9814000000,9814000000,0,5136000000,0,1124000000,74126000000,65520000000,0,0,0,0,8606000000,0,18732000000,2643000000,13691000000,13691000000,0,0,0,0,0,2398000000,32373000000,7041000000,0,0,0,0,25332000000,0,43815000000,49923000000,0,0,0,221000000,-60175000000,53846000000,0,94920000000
1997-03-31,95647000000,51977000000,43670000000,9840000000,4577000000,43670000000,8.734,5263000000,0,5263000000,0,0,21768000000,10347000000,10347000000,0,5064000000,0,1094000000,73879000000,65493000000,0,0,0,0,8386000000,0,19129000000,2617000000,13860000000,13860000000,0,0,0,0,0,2652000000,32848000000,7223000000,0,0,0,0,25625000000,0,43670000000,48978000000,0,0,0,284000000,-59934000000,54342000000,0,95647000000
1996-12-31,95527000000,50071000000,43542000000,9746000000,6795000000,45456000000,9.0912,2951000000,0,2951000000,0,0,19910000000,10499000000,10499000000,0,5285000000,0,1175000000,75617000000,66607000000,0,0,0,0,9010000000,0,19505000000,2510000000,14510000000,14510000000,0,0,0,0,0,2485000000,30566000000,7236000000,0,0,0,13475000000,9855000000,0,45456000000,57156000000,0,0,0,303000000,-59759000000,45842000000,1914000000,95527000000
1996-09-30,93468000000,51677000000,41791000000,9690000000,6780000000,41791000000,8.304621794073274,2910000000,0,2910000000,0,0,18578000000,9115000000,9115000000,0,5468000000,0,1085000000,74890000000,65914000000,0,0,0,0,8976000000,0,19698000000,2466000000,14273000000,14273000000,0,0,0,0,0,2959000000,31979000000,7224000000,0,0,0,0,24755000000,0,41791000000,55647000000,0,0,0,322000000,-59186000000,45008000000,0,93468000000
1996-06-30,92396000000,51018000000,41378000000,10045000000,6823000000,41378000000,8.301955414224254,3222000000,0,3222000000,0,0,18401000000,8686000000,8686000000,0,5355000000,0,1138000000,73995000000,65487000000,0,0,0,0,8508000000,0,18667000000,2479000000,13329000000,13329000000,0,0,0,0,0,2859000000,32351000000,7566000000,0,0,0,0,24785000000,0,41378000000,55071000000,0,0,0,345000000,-58558000000,44520000000,0,92396000000
1996-03-31,92579000000,51557000000,41022000000,10112000000,6589000000,41022000000,8.269687002301552,3523000000,0,3523000000,0,0,18964000000,8928000000,8928000000,0,5339000000,0,1174000000,73615000000,65183000000,0,0,0,0,8432000000,0,19201000000,2433000000,13756000000,13756000000,0,0,0,0,0,3012000000,32356000000,7679000000,0,0,0,0,24677000000,0,41022000000,54487000000,0,0,0,431000000,-57564000000,43668000000,0,92579000000
1995-12-31,91296000000,48690000000,40436000000,10025000000,8517000000,42606000000,8.589007957195161,1508000000,0,1508000000,0,0,17318000000,8925000000,8925000000,0,5681000000,0,1204000000,73978000000,65446000000,0,0,0,0,8532000000,0,18736000000,2247000000,14113000000,14113000000,0,0,0,0,0,2376000000,29954000000,7778000000,0,0,0,12431000000,9745000000,0,42606000000,53539000000,0,0,0,454000000,-56891000000,43334000000,2170000000,91296000000
1995-09-30,90706000000,50671000000,40035000000,10912000000,8712000000,40035000000,8.007,2200000000,0,2200000000,0,0,17498000000,8059000000,8059000000,0,5877000000,0,1362000000,73208000000,64888000000,0,0,0,0,8320000000,0,18583000000,2550000000,13556000000,13556000000,0,0,0,0,0,2477000000,32088000000,8362000000,0,0,0,0,23726000000,0,40035000000,52796000000,0,0,0,482000000,-56687000000,43444000000,0,90706000000
1995-06-30,91158000000,51159000000,39999000000,11858000000,9281000000,39999000000,7.975260736807919,2577000000,0,2577000000,0,0,17986000000,8066000000,8066000000,0,5897000000,0,1446000000,73172000000,64653000000,0,0,0,0,8519000000,0,19461000000,3308000000,13750000000,13750000000,0,0,0,0,0,2403000000,31698000000,8550000000,0,0,0,0,23148000000,0,39999000000,52234000000,0,0,0,501000000,-55744000000,43008000000,0,91158000000
1995-03-31,91271000000,52089000000,39182000000,12759000000,9989000000,39182000000,7.9072108427304375,2770000000,0,2770000000,0,0,18452000000,8431000000,8431000000,0,5522000000,0,1729000000,72819000000,64535000000,0,0,0,0,8284000000,0,19965000000,3581000000,13925000000,13925000000,0,0,0,0,0,2459000000,32124000000,9178000000,0,0,0,0,22946000000,0,39182000000,51542000000,0,0,0,526000000,-55022000000,42136000000,0,91271000000
1994-12-31,87862000000,48279000000,37415000000,12689000000,11532000000,39583000000,8.306113311547058,1157000000,0,1157000000,0,0,16460000000,8073000000,8073000000,0,5541000000,0,1689000000,71402000000,63425000000,0,0,0,0,7977000000,0,19493000000,3858000000,13391000000,13391000000,0,0,0,0,0,2244000000,28786000000,8831000000,0,0,0,11435000000,8520000000,0,39583000000,50821000000,0,0,0,554000000,-52901000000,38941000000,2168000000,87862000000
1994-09-30,87790000000,51274000000,36516000000,13131000000,11431000000,36516000000,7.27158441621399,1700000000,0,1700000000,0,0,16450000000,7315000000,7315000000,0,5565000000,0,1870000000,71340000000,63454000000,0,0,0,0,7886000000,0,19253000000,4195000000,12832000000,12832000000,0,0,0,0,0,2226000000,32021000000,8936000000,0,0,0,0,23085000000,0,36516000000,49860000000,0,0,0,583000000,-49173000000,35246000000,0,87790000000
1994-06-30,86102000000,50241000000,35861000000,12870000000,10991000000,35861000000,7.0911581922907105,1879000000,0,1879000000,0,0,15986000000,7445000000,7445000000,0,5469000000,0,1193000000,70116000000,62443000000,0,0,0,0,7673000000,0,18889000000,4116000000,12729000000,12729000000,0,0,0,0,0,2044000000,31352000000,8754000000,0,0,0,0,22598000000,0,35861000000,49606000000,0,0,0,612000000,-49173000000,34816000000,0,86102000000
1994-03-31,84654000000,49401000000,35253000000,12575000000,10927000000,35253000000,6.98981896533647,1648000000,0,1648000000,0,0,15488000000,6972000000,6972000000,0,5219000000,0,1649000000,69166000000,61777000000,0,0,0,0,7389000000,0,18414000000,3863000000,12326000000,12326000000,0,0,0,0,0,2225000000,30987000000,8712000000,0,0,0,0,22275000000,0,35253000000,49623000000,0,0,0,641000000,-49173000000,34162000000,0,84654000000
1993-12-31,84145000000,46958000000,34792000000,12615000000,11632000000,37187000000,7.732656275948317,983000000,0,983000000,0,0,14859000000,6860000000,6860000000,0,5472000000,0,1544000000,69286000000,61962000000,0,0,0,0,7324000000,0,18590000000,4109000000,12122000000,12122000000,0,0,0,0,0,2359000000,28368000000,8506000000,0,0,0,10939000000,8923000000,0,37187000000,49365000000,0,0,0,668000000,0,-15241000000,2395000000,84145000000
1993-09-30,84987000000,50339000000,34648000000,13166000000,11614000000,34648000000,7.006029412408642,1552000000,0,1552000000,0,0,16228000000,7415000000,7415000000,0,5406000000,0,1855000000,68759000000,61722000000,0,0,0,0,7037000000,0,19466000000,4385000000,12630000000,12630000000,0,0,0,0,0,2451000000,30873000000,8781000000,0,0,0,0,22092000000,0,34648000000,48768000000,0,0,0,694000000,0,-14814000000,0,84987000000
1993-06-30,84550000000,50199000000,34351000000,13597000000,12210000000,34351000000,6.814570849567874,1387000000,0,1387000000,0,0,16256000000,7488000000,7488000000,0,5491000000,0,1890000000,68294000000,61608000000,0,0,0,0,6686000000,0,19185000000,4905000000,12253000000,12253000000,0,0,0,0,0,2027000000,31014000000,8692000000,0,0,0,0,22322000000,0,34351000000,48311000000,0,0,0,719000000,0,-14679000000,0,84550000000
1993-03-31,84735000000,50620000000,34115000000,13220000000,12111000000,34115000000,6.76542194158483,1109000000,0,1109000000,0,0,16178000000,7719000000,7719000000,0,5582000000,0,1768000000,68557000000,61821000000,0,0,0,0,6736000000,0,19047000000,4365000000,12320000000,12320000000,0,0,0,0,0,2362000000,31573000000,8855000000,0,0,0,0,22718000000,0,34115000000,47979000000,0,0,0,744000000,0,-14608000000,0,84735000000
1992-12-31,85030000000,48279000000,33776000000,13424000000,12526000000,36751000000,7.550393764796692,898000000,0,898000000,0,0,16424000000,8079000000,8079000000,0,5807000000,0,1640000000,68606000000,61799000000,0,0,0,0,6807000000,0,19663000000,4787000000,12645000000,12645000000,0,0,0,0,0,2231000000,28616000000,8637000000,0,0,0,11135000000,8844000000,0,36751000000,47697000000,0,0,0,770000000,0,-14691000000,2975000000,85030000000
1992-09-30,87543000000,52203000000,35340000000,12963000000,11969000000,35340000000,7.00572687286394,994000000,0,994000000,0,0,17136000000,8404000000,8404000000,0,6357000000,0,1381000000,70407000000,63860000000,0,0,0,0,6547000000,0,20302000000,4084000000,14132000000,14132000000,0,0,0,0,0,2086000000,31901000000,8879000000,0,0,0,0,23022000000,0,35340000000,47256000000,0,0,0,795000000,0,-12711000000,0,87543000000
1992-06-30,87218000000,51942000000,35276000000,13283000000,11963000000,35276000000,7.018261780766119,1320000000,0,1320000000,0,0,16658000000,8020000000,8020000000,0,6149000000,0,1169000000,70560000000,64115000000,0,0,0,0,6445000000,0,20418000000,4798000000,13702000000,13702000000,0,0,0,0,0,1918000000,31524000000,8485000000,0,0,0,0,23039000000,0,35276000000,47030000000,0,0,0,819000000,0,-12573000000,0,87218000000
1992-03-31,84507000000,50264000000,34243000000,12561000000,10934000000,34243000000,6.8486,1627000000,0,1627000000,0,0,15670000000,7448000000,7448000000,0,5722000000,0,873000000,68837000000,62454000000,0,0,0,0,6383000000,0,18994000000,4053000000,12736000000,12736000000,0,0,0,0,0,2205000000,31270000000,8508000000,0,0,0,0,22762000000,0,34243000000,46985000000,0,0,0,844000000,0,-13586000000,0,84507000000
1991-12-31,87560000000,49666000000,34927000000,13042000000,11546000000,37894000000,7.971667824994207,1496000000,0,1496000000,0,0,17012000000,8540000000,8540000000,0,6081000000,0,895000000,70548000000,63864000000,0,0,0,0,6684000000,0,20854000000,4460000000,14079000000,14079000000,0,0,0,0,0,2315000000,28812000000,8582000000,0,0,0,12449000000,7781000000,0,37894000000,46483000000,0,0,0,867000000,0,-12423000000,2967000000,87560000000
1991-09-30,84593000000,50705000000,33888000000,12561000000,11144000000,33888000000,6.686421524903548,1417000000,0,1417000000,0,0,16168000000,7695000000,7695000000,0,6135000000,0,921000000,68425000000,62115000000,0,0,0,0,6310000000,0,19350000000,4250000000,13063000000,13063000000,0,0,0,0,0,2037000000,31355000000,8311000000,0,0,0,0,23044000000,0,33888000000,46212000000,0,0,0,895000000,0,-13219000000,0,84593000000
1991-06-30,81744000000,48945000000,32799000000,12150000000,11114000000,32799000000,6.5598,1036000000,0,1036000000,0,0,15511000000,7681000000,7681000000,0,5753000000,0,1041000000,66233000000,60324000000,0,0,0,0,5909000000,0,18463000000,4176000000,12560000000,12560000000,0,0,0,0,0,1727000000,30482000000,7974000000,0,0,0,0,22508000000,0,32799000000,45948000000,0,0,0,918000000,0,-14067000000,0,81744000000
1991-03-31,83661000000,50624000000,33037000000,12798000000,11163000000,33037000000,6.563154018076891,1635000000,0,1635000000,0,0,16843000000,8075000000,8075000000,0,6088000000,0,1045000000,66818000000,60754000000,0,0,0,0,6064000000,0,19991000000,4922000000,13047000000,13047000000,0,0,0,0,0,2022000000,30633000000,7876000000,0,0,0,0,22757000000,0,33037000000,45674000000,0,0,0,940000000,0,-13577000000,0,83661000000
1990-12-31,87707000000,51702000000,33055000000,13777000000,12445000000,36005000000,7.458464683834241,1332000000,0,1332000000,0,0,18336000000,9574000000,9574000000,0,6386000000,0,1044000000,69371000000,62688000000,0,0,0,0,6683000000,0,24025000000,6090000000,15611000000,15611000000,0,0,0,0,0,2324000000,27677000000,7687000000,0,0,0,12568000000,7422000000,0,36005000000,44286000000,0,0,0,955000000,0,-12186000000,2950000000,87707000000
1990-09-30,86157000000,53902000000,32255000000,14952000000,13612000000,32255000000,6.451,1340000000,0,1340000000,0,0,17309000000,8368000000,8368000000,0,6277000000,0,1324000000,68848000000,62262000000,0,0,0,0,6586000000,0,23290000000,7117000000,14083000000,14083000000,0,0,0,0,0,2090000000,30612000000,7835000000,0,0,0,0,22777000000,0,32255000000,43585000000,0,0,0,969000000,0,-12299000000,0,86157000000
1990-06-30,82608000000,51376000000,31232000000,14916000000,13386000000,31232000000,6.2464,1530000000,0,1530000000,0,0,15697000000,7050000000,7050000000,0,5708000000,0,1409000000,66911000000,61008000000,0,0,0,0,5903000000,0,20726000000,6596000000,12482000000,12482000000,0,0,0,0,0,1648000000,30650000000,8320000000,0,0,0,0,22330000000,0,31232000000,43276000000,0,0,0,983000000,0,-13027000000,0,82608000000
1990-03-31,82285000000,51746000000,30539000000,15852000000,14168000000,30539000000,6.083941406416358,1684000000,0,1684000000,0,0,16158000000,7609000000,7609000000,0,5624000000,0,1241000000,66127000000,60144000000,0,0,0,0,5983000000,0,20994000000,6913000000,12263000000,12263000000,0,0,0,0,0,1818000000,30752000000,8939000000,0,0,0,0,21813000000,0,30539000000,42944000000,0,0,0,1006000000,0,-13411000000,0,82285000000
1989-12-31,83219000000,50112000000,30244000000,16032000000,14167000000,33107000000,6.595535156430347,1865000000,0,1865000000,0,0,16576000000,7787000000,7787000000,0,5622000000,0,1302000000,66643000000,60425000000,0,0,0,0,6218000000,0,21984000000,6757000000,13581000000,13581000000,0,0,0,0,0,1646000000,28128000000,9275000000,0,0,0,12353000000,6500000000,0,33107000000,42433000000,0,0,0,1006000000,0,-13195000000,2863000000,83219000000
1989-09-30,78966000000,49239000000,29727000000,16343000000,14344000000,29727000000,5.891837838368634,1999000000,0,1999000000,0,0,16030000000,6796000000,6796000000,0,5567000000,0,1668000000,62936000000,57793000000,0,0,0,0,5143000000,0,20329000000,7784000000,11075000000,11075000000,0,0,0,0,0,1470000000,28910000000,8559000000,0,0,0,0,20351000000,0,29727000000,42238000000,0,0,0,1006000000,0,-13517000000,0,78966000000
1988-12-31,74293000000,42526000000,31767000000,9638000000,7229000000,31767000000,6.234319509905203,2409000000,0,2409000000,0,0,14846000000,6094000000,6094000000,0,5151000000,0,1192000000,59447000000,54059000000,0,0,0,0,5388000000,0,17479000000,4949000000,0,0,0,0,0,0,0,12530000000,25047000000,4689000000,0,0,0,11849000000,8509000000,0,31767000000,41865000000,0,0,0,0,0,-10098000000,0,74293000000
1987-12-31,74042000000,40416000000,33626000000,7885000000,5354000000,33626000000,6.523240474897183,2531000000,0,2531000000,0,0,15391000000,6278000000,6278000000,0,5172000000,0,1410000000,58651000000,53434000000,0,0,0,0,5217000000,0,15296000000,2864000000,0,0,0,0,0,0,0,12432000000,25120000000,5021000000,0,0,0,11863000000,8236000000,0,33626000000,39476000000,0,0,0,0,0,-5850000000,0,74042000000
1986-12-31,69484000000,37472000000,32012000000,7878000000,4062000000,32012000000,6.210134243811593,3816000000,0,3816000000,0,0,16320000000,6784000000,6784000000,0,4551000000,0,1169000000,53164000000,49289000000,0,0,0,0,3875000000,0,15220000000,3584000000,0,0,0,0,0,0,0,11636000000,22252000000,4294000000,0,0,0,10828000000,7130000000,0,32012000000,37322000000,0,0,0,0,0,-5310000000,0,69484000000
1985-12-31,69160000000,40064000000,29096000000,7909000000,5435000000,29096000000,5.561162079510703,2474000000,0,2474000000,0,0,17355000000,7527000000,7527000000,0,4796000000,0,2558000000,51805000000,48262000000,0,0,0,0,3543000000,0,19089000000,3089000000,0,0,0,0,0,0,0,16000000000,20975000000,4820000000,0,0,0,11042000000,5113000000,0,29096000000,34565000000,0,0,0,0,0,-5469000000,0,69160000000